rank,token_id,count,frequency,cumulative_freq
1,278,102330,21.69626501119479,21.69626501119479
2,1834,38870,8.241315557364814,29.937580568559603
3,77,2587,0.5485022728814709,30.486082841441075
4,316,1666,0.35322952710495964,30.839312368546036
5,1288,1287,0.2728729900264604,31.112185358572496
6,1246,1181,0.2503986023475134,31.36258396092001
7,1346,1148,0.2434018590135016,31.60598581993351
8,1157,1109,0.23513298052785128,31.841118800461363
9,710,1042,0.22092747133455456,32.062046271795914
10,766,960,0.20354162426216163,32.26558789605808
11,1244,937,0.19866510618088065,32.46425300223896
12,954,934,0.19802903860506144,32.662282040844026
13,223,931,0.19739297102924214,32.85967501187327
14,526,927,0.1965448809281498,33.05621989280142
15,257,922,0.19548476830178438,33.251704661103204
16,949,878,0.18615577718976864,33.43786043829297
17,659,871,0.18467161951285704,33.62253205780583
18,696,857,0.18170330415903385,33.804235361964864
19,572,854,0.1810672365832146,33.98530259854808
20,1273,817,0.17322240314811044,34.15852500169619
21,1319,811,0.17195026799647195,34.33047526969266
22,1262,808,0.17131420042065268,34.501789470113316
23,864,791,0.16770981749101024,34.669499287604324
24,1326,784,0.16622565981409865,34.83572494741842
25,1308,774,0.1641054345613678,34.99983038197979
26,969,760,0.16113711920754462,35.160967501187336
27,1163,759,0.1609250966822715,35.321892597869606
28,1596,747,0.1583808263789945,35.4802734242486
29,704,733,0.1554125110251713,35.63568593527377
30,1655,728,0.1543523983988059,35.79003833367258
31,1272,727,0.1541403758735328,35.94417870954611
32,679,723,0.15329228577244047,36.097470995318545
33,1348,722,0.15308026324716736,36.250551258565714
34,1231,721,0.1528682407218943,36.40341949928761
35,758,720,0.1526562181966212,36.55607571748423
36,274,711,0.15074801546916344,36.70682373295339
37,1335,705,0.14947588031752493,36.85629961327091
38,862,704,0.14926385779225185,37.00556347106316
39,1004,704,0.14926385779225185,37.15482732885541
40,966,702,0.14883981274170568,37.30366714159712
41,447,701,0.1486277902164326,37.45229493181355
42,1078,700,0.14841576769115952,37.60071069950471
43,1431,697,0.14777970011534025,37.74849039962005
44,1338,693,0.14693161001424793,37.8954220096343
45,95,693,0.14693161001424793,38.04235361964855
46,996,692,0.14671958748897482,38.189073207137525
47,1684,681,0.1443873397109709,38.3334605468485
48,1113,679,0.1439632946604247,38.47742384150892
49,1056,671,0.14226711445824006,38.619690955967165
50,903,669,0.14184306940769387,38.76153402537486
51,1280,665,0.14099497930660154,38.90252900468146
52,44,662,0.14035891173078227,39.04288791641224
53,1221,661,0.1401468892055092,39.18303480561775
54,1136,656,0.13908677657914376,39.32212158219689
55,860,650,0.13781464142750527,39.459936223624396
56,700,639,0.13548239364950132,39.5954186172739
57,1366,639,0.13548239364950132,39.730901010923404
58,973,635,0.134634303548409,39.86553531447181
59,345,632,0.13399823597258972,39.999533550444404
60,1015,629,0.13336216839677045,40.132895718841176
61,519,628,0.1331501458714974,40.26604586471267
62,765,624,0.13230205577040505,40.398347920483076
63,686,622,0.13187801071985888,40.530225931202935
64,678,621,0.1316659881945858,40.66189191939752
65,1286,616,0.13060587556822037,40.79249779496574
66,1389,615,0.1303938530429473,40.92289164800869
67,1374,615,0.1303938530429473,41.05328550105163
68,774,614,0.13018183051767418,41.183467331569304
69,110,614,0.13018183051767418,41.313649162086975
70,1344,609,0.12912171789130877,41.44277087997828
71,364,606,0.1284856503154895,41.57125653029377
72,775,602,0.12763756021439718,41.69889409050817
73,1353,598,0.12678947011330485,41.82568356062147
74,461,593,0.12572935748693942,41.95141291810841
75,641,585,0.12403317728475474,42.07544609539317
76,633,572,0.12127688445620463,42.196722979849376
77,740,571,0.12106486193093154,42.31778784178031
78,1407,571,0.12106486193093154,42.43885270371124
79,1457,559,0.11852059162765452,42.5573732953389
80,1016,559,0.11852059162765452,42.675893886966556
81,466,557,0.11809654657710836,42.79399043354366
82,868,554,0.11746047900128909,42.91145091254495
83,1620,552,0.11703643395074292,43.028487346495695
84,940,549,0.11640036637492368,43.14488771287062
85,975,548,0.11618834384965059,43.26107605672027
86,1542,548,0.11618834384965059,43.37726440056992
87,1180,544,0.11534025374855825,43.49260465431848
88,1502,543,0.11512823122328515,43.607732885541765
89,628,543,0.11512823122328515,43.72286111676505
90,1075,542,0.11491620869801208,43.837777325463065
91,1419,541,0.11470418617273899,43.9524815116358
92,768,539,0.11428014112219281,44.066761652758
93,1485,538,0.11406811859691975,44.180829771354915
94,524,536,0.11364407354637357,44.29447384490129
95,1022,533,0.11300800597055431,44.40748185087185
96,816,529,0.11215991586946197,44.51964176674131
97,1156,529,0.11215991586946197,44.63180168261077
98,697,528,0.11194789334418888,44.74374957595496
99,1401,527,0.11173587081891581,44.855485446773876
100,642,527,0.11173587081891581,44.967221317592795
101,1725,519,0.1100396906167311,45.077261008209526
102,1340,517,0.10961564556618494,45.18687665377571
103,1368,516,0.10940362304091188,45.296280276816624
104,1240,514,0.1089795779903657,45.40525985480699
105,1426,512,0.10855553293981954,45.51381538774681
106,179,502,0.10643530768708867,45.620250695433896
107,1497,502,0.10643530768708867,45.72668600312098
108,1345,495,0.10495115001017709,45.83163715313116
109,1415,494,0.104739127484904,45.93637628061607
110,694,494,0.104739127484904,46.04111540810097
111,1636,493,0.1045271049596309,46.1456425130606
112,1047,493,0.1045271049596309,46.25016961802023
113,983,491,0.10410305990908474,46.354272677929316
114,1765,490,0.10389103738381165,46.45816371531313
115,1237,490,0.10389103738381165,46.56205475269694
116,1281,490,0.10389103738381165,46.66594579008075
117,1141,489,0.10367901485853856,46.76962480493928
118,931,485,0.10283092475744622,46.87245572969673
119,189,483,0.10240687970690006,46.97486260940363
120,502,483,0.10240687970690006,47.07726948911053
121,725,482,0.10219485718162699,47.17946434629216
122,1588,481,0.1019828346563539,47.28144718094851
123,417,480,0.10177081213108082,47.38321799307959
124,412,480,0.10177081213108082,47.48498880521067
125,127,475,0.10071069950471538,47.585699504715386
126,836,472,0.10007463192889612,47.685774136644284
127,370,471,0.09986260940362304,47.785636746047906
128,787,466,0.09880249677725761,47.88443924282517
129,1633,464,0.09837845172671145,47.982817694551876
130,1382,456,0.09668227152452677,48.079499966076405
131,361,456,0.09668227152452677,48.17618223760093
132,521,456,0.09668227152452677,48.27286450912546
133,1452,455,0.09647024899925367,48.369334758124715
134,847,454,0.0962582264739806,48.46559298459869
135,1473,454,0.0962582264739806,48.56185121107267
136,1719,452,0.09583418142343443,48.657685392496106
137,809,452,0.09583418142343443,48.75351957391954
138,1416,450,0.09541013637288825,48.84892971029243
139,483,448,0.09498609132234209,48.94391580161477
140,3,447,0.09477406879706901,49.038689870411844
141,1300,445,0.09435002374652282,49.133039894158365
142,17,441,0.09350193364543048,49.22654182780379
143,1493,438,0.09286586606961124,49.3194076938734
144,544,437,0.09265384354433816,49.41206153741774
145,123,436,0.09244182101906506,49.50450335843681
146,1521,435,0.09222979849379198,49.5967331569306
147,565,433,0.09180575344324582,49.68853891037384
148,1073,432,0.09159373091797274,49.780132641291814
149,1461,430,0.09116968586742655,49.87130232715924
150,1727,429,0.09095766334215347,49.962259990501394
151,547,426,0.09032159576633421,50.05258158626773
152,1468,426,0.09032159576633421,50.14290318203406
153,1660,426,0.09032159576633421,50.233224777800395
154,467,425,0.09010957324106113,50.32333435104145
155,1607,425,0.09010957324106113,50.41344392428251
156,22,423,0.08968552819051497,50.503129452473026
157,1427,422,0.08947350566524188,50.592602958138265
158,753,421,0.08926148313996879,50.681864441278236
159,794,420,0.08904946061469571,50.77091390189293
160,297,420,0.08904946061469571,50.85996336250763
161,1293,420,0.08904946061469571,50.949012823122324
162,1030,419,0.08883743808942263,51.037850261211744
163,1145,418,0.08862541556414953,51.1264756767759
164,1698,417,0.08841339303887645,51.214889069814774
165,892,416,0.08820137051360336,51.303090440328376
166,824,415,0.08798934798833027,51.39107978831671
167,65,414,0.0877773254630572,51.47885711377977
168,1394,412,0.08735328041251103,51.566210394192275
169,1350,412,0.08735328041251103,51.65356367460478
170,997,411,0.08714125788723794,51.74070493249202
171,755,411,0.08714125788723794,51.82784619037926
172,1337,411,0.08714125788723794,51.9149874482665
173,446,409,0.08671721283669177,52.00170466110319
174,1161,408,0.08650519031141869,52.08820985141461
175,756,408,0.08650519031141869,52.17471504172603
176,224,408,0.08650519031141869,52.26122023203745
177,286,407,0.0862931677861456,52.3475133998236
178,1176,406,0.08608114526087252,52.43359454508447
179,529,406,0.08608114526087252,52.51967569034534
180,136,406,0.08608114526087252,52.60575683560621
181,1253,406,0.08608114526087252,52.69183798086708
182,1494,405,0.08586912273559943,52.77770710360268
183,57,405,0.08586912273559943,52.86357622633828
184,670,403,0.08544507768505326,52.94902130402333
185,465,401,0.08502103263450708,53.03404233665784
186,14,401,0.08502103263450708,53.11906336929235
187,1423,400,0.084809010109234,53.20387237940158
188,1229,398,0.08438496505868784,53.28825734446027
189,438,397,0.08417294253341476,53.37243028699368
190,1330,396,0.08396092000814166,53.45639120700182
191,664,395,0.08374889748286858,53.54014010448469
192,416,393,0.08332485243232242,53.62346495691701
193,422,393,0.08332485243232242,53.70678980934933
194,1409,392,0.08311282990704932,53.78990263925638
195,1506,392,0.08311282990704932,53.873015469163434
196,175,392,0.08311282990704932,53.956128299070485
197,1460,391,0.08290080738177624,54.03902910645226
198,890,391,0.08290080738177624,54.12192991383404
199,388,388,0.08226473980595699,54.204194653639995
200,81,388,0.08226473980595699,54.28645939344595
201,186,385,0.08162867223013773,54.36808806567609
202,665,384,0.08141664970486465,54.449504715380954
203,1296,383,0.08120462717959157,54.53070934256055
204,695,381,0.08078058212904539,54.61148992468959
205,1372,381,0.08078058212904539,54.69227050681864
206,1332,380,0.08056855960377231,54.77283906642241
207,203,380,0.08056855960377231,54.853407626026176
208,1027,378,0.08014451455322615,54.9335521405794
209,1341,376,0.07972046950267996,55.01327261008208
210,806,375,0.07950844697740687,55.09278105705949
211,899,374,0.07929642445213379,55.17207748151162
212,1011,373,0.07908440192686071,55.251161883438485
213,319,373,0.07908440192686071,55.33024628536535
214,208,370,0.07844833435104145,55.40869461971639
215,191,369,0.07823631182576837,55.48693093154216
216,1470,369,0.07823631182576837,55.56516724336793
217,428,367,0.0778122667752222,55.64297951014316
218,1537,365,0.07738822172467603,55.72036773186783
219,876,365,0.07738822172467603,55.79775595359251
220,1645,365,0.07738822172467603,55.87514417531718
221,1498,364,0.07717619919940295,55.95232037451658
222,271,363,0.07696417667412986,56.02928455119071
223,161,362,0.07675215414885678,56.10603670533957
224,1248,361,0.07654013162358368,56.18257683696315
225,1086,361,0.07654013162358368,56.25911696858673
226,1563,361,0.07654013162358368,56.33565710021031
227,140,361,0.07654013162358368,56.41219723183389
228,164,358,0.07590406404776444,56.488101295881656
229,1690,358,0.07590406404776444,56.56400535992942
230,1524,355,0.07526799647194518,56.63927335640136
231,577,354,0.0750559739466721,56.714329330348036
232,1310,354,0.0750559739466721,56.78938530429471
233,401,353,0.07484395142139902,56.86422925571611
234,692,353,0.07484395142139902,56.93907320713751
235,1624,353,0.07484395142139902,57.01391715855891
236,441,350,0.07420788384557976,57.08812504240449
237,1127,349,0.07399586132030667,57.1621209037248
238,13,349,0.07399586132030667,57.236116765045104
239,1474,349,0.07399586132030667,57.31011262636541
240,92,349,0.07399586132030667,57.384108487685715
241,1679,348,0.07378383879503359,57.457892326480746
242,376,348,0.07378383879503359,57.531676165275776
243,1663,347,0.07357181626976049,57.60524798154554
244,705,347,0.07357181626976049,57.6788197978153
245,1710,346,0.07335979374448741,57.75217959155979
246,848,346,0.07335979374448741,57.825539385304275
247,759,345,0.07314777121921433,57.898687156523486
248,907,344,0.07293574869394125,57.97162290521743
249,1287,344,0.07293574869394125,58.04455865391137
250,546,344,0.07293574869394125,58.11749440260532
251,863,343,0.07272372616866817,58.190218128773985
252,1217,343,0.07272372616866817,58.26294185494265
253,204,342,0.07251170364339507,58.335453558586046
254,47,342,0.07251170364339507,58.40796526222944
255,1688,342,0.07251170364339507,58.48047696587283
256,202,342,0.07251170364339507,58.552988669516225
257,961,341,0.07229968111812199,58.62528835063435
258,764,341,0.07229968111812199,58.697588031752474
259,277,340,0.07208765859284891,58.76967569034532
260,1649,340,0.07208765859284891,58.84176334893817
261,639,338,0.07166361354230273,58.91342696248048
262,1238,337,0.07145159101702965,58.98487855349751
263,362,337,0.07145159101702965,59.05633014451454
264,453,336,0.07123956849175657,59.127569713006295
265,1691,336,0.07123956849175657,59.19880928149805
266,1439,335,0.07102754596648347,59.26983682746453
267,107,335,0.07102754596648347,59.34086437343101
268,1750,335,0.07102754596648347,59.41189191939749
269,1390,333,0.07060350091593731,59.48249542031343
270,1581,332,0.07039147839066422,59.55288689870409
271,402,332,0.07039147839066422,59.62327837709475
272,18,332,0.07039147839066422,59.69366985548541
273,1572,330,0.06996743334011805,59.76363728882553
274,791,330,0.06996743334011805,59.833604722165646
275,113,330,0.06996743334011805,59.90357215550576
276,585,330,0.06996743334011805,59.97353958884588
277,41,330,0.06996743334011805,60.043507022186
278,1487,330,0.06996743334011805,60.11347445552612
279,198,329,0.06975541081484497,60.18322986634096
280,1535,329,0.06975541081484497,60.2529852771558
281,473,328,0.06954338828957188,60.322528665445375
282,368,328,0.06954338828957188,60.39207205373495
283,741,328,0.06954338828957188,60.461615442024524
284,50,327,0.0693313657642988,60.53094680778882
285,1437,326,0.06911934323902572,60.600066151027846
286,1399,326,0.06911934323902572,60.66918549426687
287,1284,325,0.06890732071375263,60.738092814980625
288,1425,325,0.06890732071375263,60.80700013569438
289,1733,324,0.06869529818847955,60.87569543388286
290,579,324,0.06869529818847955,60.94439073207134
291,609,323,0.06848327566320646,61.012874007734546
292,1097,323,0.06848327566320646,61.08135728339775
293,1166,322,0.06827125313793336,61.14962853653569
294,934,322,0.06827125313793336,61.21789978967362
295,7,321,0.06805923061266028,61.285959020286285
296,1664,321,0.06805923061266028,61.354018250898946
297,183,319,0.06763518556211412,61.42165343646106
298,220,318,0.06742316303684104,61.4890765994979
299,1549,318,0.06742316303684104,61.55649976253474
300,79,318,0.06742316303684104,61.623922925571584
301,1369,317,0.06721114051156794,61.69113406608315
302,1685,316,0.06699911798629486,61.75813318406944
303,561,316,0.06699911798629486,61.825132302055735
304,265,315,0.06678709546102178,61.89191939751676
305,1518,315,0.06678709546102178,61.95870649297778
306,945,315,0.06678709546102178,62.025493588438806
307,1629,315,0.06678709546102178,62.09228068389983
308,36,314,0.0665750729357487,62.15885575683558
309,1700,313,0.0663630504104756,62.22521880724605
310,356,313,0.0663630504104756,62.291581857656524
311,820,313,0.0663630504104756,62.357944908067
312,1670,313,0.0663630504104756,62.42430795847747
313,761,313,0.0663630504104756,62.490671008887944
314,1764,313,0.0663630504104756,62.55703405929842
315,1554,312,0.06615102788520252,62.62318508718362
316,1628,312,0.06615102788520252,62.689336115068826
317,1501,312,0.06615102788520252,62.75548714295403
318,587,310,0.06572698283465636,62.821214125788686
319,246,310,0.06572698283465636,62.88694110862334
320,1618,310,0.06572698283465636,62.952668091457994
321,182,310,0.06572698283465636,63.01839507429265
322,736,310,0.06572698283465636,63.0841220571273
323,205,310,0.06572698283465636,63.14984903996196
324,882,309,0.06551496030938328,63.21536400027134
325,1488,309,0.06551496030938328,63.28087896058073
326,1802,308,0.06530293778411018,63.34618189836484
327,1584,307,0.06509091525883709,63.411272813623675
328,1351,307,0.06509091525883709,63.47636372888251
329,29,307,0.06509091525883709,63.541454644141346
330,944,306,0.06487889273356401,63.606333536874914
331,1312,306,0.06487889273356401,63.67121242960848
332,1654,306,0.06487889273356401,63.73609132234205
333,1768,305,0.06466687020829093,63.80075819255034
334,1263,304,0.06445484768301785,63.86521304023336
335,1261,304,0.06445484768301785,63.929667887916374
336,714,304,0.06445484768301785,63.99412273559939
337,1678,304,0.06445484768301785,64.05857758328241
338,176,303,0.06424282515774475,64.12282040844016
339,1327,302,0.06403080263247167,64.18685121107264
340,614,302,0.06403080263247167,64.25088201370511
341,236,302,0.06403080263247167,64.31491281633758
342,117,301,0.06381878010719859,64.37873159644478
343,1536,301,0.06381878010719859,64.44255037655198
344,1526,301,0.06381878010719859,64.50636915665918
345,1325,300,0.06360675758192551,64.5699759142411
346,335,299,0.06339473505665243,64.63337064929775
347,83,299,0.06339473505665243,64.69676538435439
348,1403,298,0.06318271253137933,64.75994809688578
349,1573,298,0.06318271253137933,64.82313080941717
350,408,298,0.06318271253137933,64.88631352194855
351,1267,298,0.06318271253137933,64.94949623447994
352,321,297,0.06297069000610625,65.01246692448605
353,393,297,0.06297069000610625,65.07543761449216
354,1440,296,0.06275866748083317,65.138196281973
355,328,296,0.06275866748083317,65.20095494945383
356,1674,295,0.06254664495556009,65.26350159440939
357,1641,295,0.06254664495556009,65.32604823936495
358,1546,295,0.06254664495556009,65.38859488432051
359,1492,294,0.062334622430286986,65.4509295067508
360,487,292,0.061910577379740823,65.51284008413053
361,789,292,0.061910577379740823,65.57475066151027
362,1449,291,0.061698554854467735,65.63644921636474
363,1635,291,0.061698554854467735,65.69814777121921
364,270,290,0.061486532329194654,65.75963430354841
365,1595,288,0.061062487278648485,65.82069679082706
366,1694,288,0.061062487278648485,65.8817592781057
367,1672,288,0.061062487278648485,65.94282176538435
368,1708,288,0.061062487278648485,66.003884252663
369,844,288,0.061062487278648485,66.06494673994165
370,1002,288,0.061062487278648485,66.1260092272203
371,76,287,0.0608504647533754,66.18685969197367
372,1712,287,0.0608504647533754,66.24771015672704
373,887,287,0.0608504647533754,66.30856062148041
374,687,286,0.060638442228102316,66.3691990637085
375,399,286,0.060638442228102316,66.4298375059366
376,841,286,0.060638442228102316,66.4904759481647
377,1402,285,0.060426419702829234,66.55090236786754
378,1089,285,0.060426419702829234,66.61132878757037
379,1463,285,0.060426419702829234,66.67175520727321
380,1729,284,0.060214397177556146,66.73196960445077
381,158,284,0.060214397177556146,66.79218400162833
382,1627,283,0.060002374652283065,66.85218637628061
383,377,283,0.060002374652283065,66.9121887509329
384,333,283,0.060002374652283065,66.97219112558518
385,1543,283,0.060002374652283065,67.03219350023747
386,783,283,0.060002374652283065,67.09219587488975
387,920,283,0.060002374652283065,67.15219824954204
388,184,283,0.060002374652283065,67.21220062419432
389,1250,282,0.05979035212700998,67.27199097632133
390,1147,281,0.05957832960173688,67.33156930592307
391,510,281,0.05957832960173688,67.3911476355248
392,1779,280,0.0593663070764638,67.45051394260126
393,1408,280,0.0593663070764638,67.50988024967772
394,207,280,0.0593663070764638,67.56924655675418
395,6,280,0.0593663070764638,67.62861286383064
396,1680,279,0.05915428455119071,67.68776714838182
397,1753,279,0.05915428455119071,67.74692143293301
398,1235,279,0.05915428455119071,67.80607571748419
399,1763,278,0.05894226202591763,67.86501797951011
400,630,277,0.05873023950064454,67.92374821901076
401,303,277,0.05873023950064454,67.98247845851141
402,551,276,0.05851821697537146,68.04099667548678
403,426,275,0.05830619445009838,68.09930286993688
404,592,275,0.05830619445009838,68.15760906438697
405,1718,275,0.05830619445009838,68.21591525883707
406,1744,274,0.05809417192482529,68.2740094307619
407,895,274,0.05809417192482529,68.33210360268671
408,790,274,0.05809417192482529,68.39019777461154
409,749,274,0.05809417192482529,68.44829194653636
410,1728,274,0.05809417192482529,68.50638611846118
411,1083,273,0.05788214939955221,68.56426826786073
412,1623,272,0.05767012687427912,68.62193839473501
413,1081,271,0.05745810434900604,68.67939649908402
414,559,271,0.05745810434900604,68.73685460343303
415,637,271,0.05745810434900604,68.79431270778204
416,4,270,0.057246081823732954,68.85155878960578
417,371,270,0.057246081823732954,68.90880487142951
418,1644,269,0.05703405929845987,68.96583893072797
419,1005,269,0.05703405929845987,69.02287299002643
420,825,269,0.05703405929845987,69.07990704932489
421,1640,269,0.05703405929845987,69.13694110862335
422,1534,268,0.056822036773186785,69.19376314539653
423,26,268,0.056822036773186785,69.25058518216971
424,16,267,0.05661001424791369,69.30719519641762
425,1653,267,0.05661001424791369,69.36380521066553
426,1513,266,0.05639799172264061,69.42020320238818
427,1018,266,0.05639799172264061,69.47660119411083
428,1441,266,0.05639799172264061,69.53299918583348
429,320,266,0.05639799172264061,69.58939717755612
430,325,265,0.05618596919736753,69.6455831467535
431,141,265,0.05618596919736753,69.70176911595087
432,138,264,0.05597394667209444,69.75774306262296
433,1724,264,0.05597394667209444,69.81371700929506
434,1709,264,0.05597394667209444,69.86969095596716
435,147,263,0.05576192414682136,69.92545288011398
436,1617,263,0.05576192414682136,69.9812148042608
437,1387,263,0.05576192414682136,70.03697672840762
438,344,262,0.05554990162154827,70.09252663002917
439,1001,261,0.05533787909627519,70.14786450912544
440,154,261,0.05533787909627519,70.20320238822171
441,10,261,0.05533787909627519,70.25854026731798
442,634,261,0.05533787909627519,70.31387814641425
443,1451,260,0.0551258565710021,70.36900400298525
444,1295,260,0.0551258565710021,70.42412985955625
445,324,258,0.05470181152045594,70.4788316710767
446,1723,258,0.05470181152045594,70.53353348259716
447,1755,258,0.05470181152045594,70.58823529411762
448,1651,258,0.05470181152045594,70.64293710563808
449,1732,258,0.05470181152045594,70.69763891715854
450,648,257,0.05448978899518285,70.75212870615373
451,1642,257,0.05448978899518285,70.80661849514891
452,1510,257,0.05448978899518285,70.8611082841441
453,1600,257,0.05448978899518285,70.91559807313928
454,1634,257,0.05448978899518285,70.97008786213446
455,1381,257,0.05448978899518285,71.02457765112965
456,348,256,0.05427776646990977,71.07885541759956
457,606,256,0.05427776646990977,71.13313318406946
458,556,256,0.05427776646990977,71.18741095053937
459,1661,255,0.05406574394463668,71.241476694484
460,1069,255,0.05406574394463668,71.29554243842864
461,504,255,0.05406574394463668,71.34960818237327
462,1598,254,0.0538537214193636,71.40346190379263
463,1445,254,0.0538537214193636,71.45731562521199
464,1605,254,0.0538537214193636,71.51116934663135
465,121,253,0.053641698894090505,71.56481104552545
466,27,253,0.053641698894090505,71.61845274441954
467,1354,253,0.053641698894090505,71.67209444331364
468,1625,253,0.053641698894090505,71.72573614220774
469,253,253,0.053641698894090505,71.77937784110183
470,1721,253,0.053641698894090505,71.83301953999593
471,1601,253,0.053641698894090505,71.88666123889003
472,1283,252,0.053429676368817416,71.94009091525885
473,1615,252,0.053429676368817416,71.99352059162767
474,288,252,0.053429676368817416,72.0469502679965
475,311,252,0.053429676368817416,72.10037994436532
476,1669,251,0.053217653843544335,72.15359759820886
477,239,251,0.053217653843544335,72.20681525205241
478,1491,251,0.053217653843544335,72.26003290589595
479,419,249,0.052793608792998166,72.31282651468895
480,474,249,0.052793608792998166,72.36562012348195
481,93,249,0.052793608792998166,72.41841373227494
482,1383,249,0.052793608792998166,72.47120734106794
483,146,248,0.052581586267725085,72.52378892733566
484,23,248,0.052581586267725085,72.57637051360338
485,343,248,0.052581586267725085,72.6289520998711
486,865,247,0.052369563742452,72.68132166361355
487,1734,247,0.052369563742452,72.73369122735599
488,1236,246,0.052157541217178915,72.78584876857317
489,1717,246,0.052157541217178915,72.83800630979036
490,1711,244,0.051733496166632746,72.88973980595699
491,1077,244,0.051733496166632746,72.94147330212363
492,1422,244,0.051733496166632746,72.99320679829026
493,1266,244,0.051733496166632746,73.0449402944569
494,856,244,0.051733496166632746,73.09667379062353
495,1388,243,0.05152147364135966,73.14819526426488
496,309,243,0.05152147364135966,73.19971673790624
497,901,242,0.05130945111608658,73.25102618902233
498,166,242,0.05130945111608658,73.30233564013841
499,1639,242,0.05130945111608658,73.35364509125449
500,571,242,0.05130945111608658,73.40495454237058
501,1740,241,0.051097428590813496,73.45605197096138
502,1782,241,0.051097428590813496,73.50714939955219
503,32,240,0.05088540606554041,73.55803480561774
504,1703,240,0.05088540606554041,73.60892021168328
505,858,240,0.05088540606554041,73.65980561774883
506,1748,239,0.05067338354026731,73.7104790012891
507,828,239,0.05067338354026731,73.76115238482937
508,1362,239,0.05067338354026731,73.81182576836964
509,131,238,0.05046136101499423,73.86228712938464
510,1609,238,0.05046136101499423,73.91274849039964
511,550,238,0.05046136101499423,73.96320985141463
512,485,238,0.05046136101499423,74.01367121242963
513,1590,238,0.05046136101499423,74.06413257344462
514,0,238,0.05046136101499423,74.11459393445962
515,1396,235,0.049825293439174974,74.16441922789879
516,1614,235,0.049825293439174974,74.21424452133796
517,1592,235,0.049825293439174974,74.26406981477713
518,230,234,0.04961327091390189,74.31368308569104
519,409,234,0.04961327091390189,74.36329635660495
520,682,234,0.04961327091390189,74.41290962751886
521,1206,233,0.049401248388628805,74.46231087590749
522,1435,233,0.049401248388628805,74.51171212429612
523,631,233,0.049401248388628805,74.56111337268476
524,1637,232,0.04918922586335572,74.61030259854812
525,1773,232,0.04918922586335572,74.65949182441148
526,1058,232,0.04918922586335572,74.70868105027483
527,1775,232,0.04918922586335572,74.75787027613819
528,1480,231,0.04897720333808264,74.80684747947627
529,73,231,0.04897720333808264,74.85582468281436
530,719,231,0.04897720333808264,74.90480188615244
531,780,230,0.048765180812809554,74.95356706696525
532,1662,230,0.048765180812809554,75.00233224777806
533,1762,229,0.048553158287536466,75.05088540606559
534,995,229,0.048553158287536466,75.09943856435312
535,1447,229,0.048553158287536466,75.14799172264065
536,168,229,0.048553158287536466,75.19654488092819
537,797,229,0.048553158287536466,75.24509803921572
538,713,229,0.048553158287536466,75.29365119750325
539,711,228,0.048341135762263385,75.34199233326551
540,1747,228,0.048341135762263385,75.39033346902777
541,888,228,0.048341135762263385,75.43867460479002
542,1278,228,0.048341135762263385,75.48701574055228
543,1532,227,0.0481291132369903,75.53514485378928
544,1585,227,0.0481291132369903,75.58327396702627
545,1420,227,0.0481291132369903,75.63140308026327
546,1568,226,0.047917090711717215,75.67932017097499
547,549,226,0.047917090711717215,75.72723726168671
548,1302,226,0.047917090711717215,75.77515435239843
549,479,225,0.04770506818644413,75.82285942058488
550,25,224,0.047493045661171046,75.87035246624605
551,1706,224,0.047493045661171046,75.91784551190722
552,374,223,0.04728102313589796,75.96512653504311
553,813,223,0.04728102313589796,76.012407558179
554,798,223,0.04728102313589796,76.0596885813149
555,1405,223,0.04728102313589796,76.1069696044508
556,231,223,0.04728102313589796,76.15425062758669
557,1784,223,0.04728102313589796,76.20153165072259
558,1696,222,0.04706900061062487,76.2486006513332
559,1320,222,0.04706900061062487,76.29566965194383
560,194,222,0.04706900061062487,76.34273865255444
561,1008,221,0.04685697808535179,76.3895956306398
562,1247,221,0.04685697808535179,76.43645260872516
563,1258,220,0.0466449555600787,76.48309756428525
564,1693,219,0.04643293303480562,76.52953049732005
565,874,219,0.04643293303480562,76.57596343035486
566,576,219,0.04643293303480562,76.62239636338967
567,1702,218,0.04622091050953253,76.6686172738992
568,1787,218,0.04622091050953253,76.71483818440873
569,20,218,0.04622091050953253,76.76105909491827
570,1241,218,0.04622091050953253,76.8072800054278
571,951,218,0.04622091050953253,76.85350091593733
572,1689,217,0.04600888798425945,76.89950980392159
573,315,217,0.04600888798425945,76.94551869190585
574,1646,217,0.04600888798425945,76.9915275798901
575,1676,217,0.04600888798425945,77.03753646787436
576,1042,217,0.04600888798425945,77.08354535585862
577,269,217,0.04600888798425945,77.12955424384288
578,1155,216,0.04579686545898637,77.17535110930186
579,1713,216,0.04579686545898637,77.22114797476084
580,384,216,0.04579686545898637,77.26694484021982
581,387,215,0.045584842933713274,77.31252968315353
582,118,214,0.04537282040844019,77.35790250356197
583,128,214,0.04537282040844019,77.40327532397042
584,537,214,0.04537282040844019,77.44864814437886
585,498,214,0.04537282040844019,77.49402096478731
586,1186,214,0.04537282040844019,77.53939378519576
587,254,214,0.04537282040844019,77.5847666056042
588,1228,214,0.04537282040844019,77.63013942601265
589,1630,213,0.045160797883167104,77.67530022389582
590,215,213,0.045160797883167104,77.72046102177899
591,1580,213,0.045160797883167104,77.76562181966216
592,1722,213,0.045160797883167104,77.81078261754533
593,1013,212,0.04494877535789402,77.85573139290322
594,213,212,0.04494877535789402,77.90068016826112
595,108,211,0.04473675283262094,77.94541692109374
596,1796,211,0.04473675283262094,77.99015367392636
597,420,211,0.04473675283262094,78.03489042675898
598,1514,211,0.04473675283262094,78.0796271795916
599,1525,210,0.044524730307347854,78.12415190989894
600,1558,210,0.044524730307347854,78.16867664020629
601,234,210,0.044524730307347854,78.21320137051363
602,372,210,0.044524730307347854,78.25772610082097
603,102,209,0.044312707782074766,78.30203880860304
604,870,209,0.044312707782074766,78.34635151638511
605,1490,209,0.044312707782074766,78.39066422416718
606,560,209,0.044312707782074766,78.43497693194925
607,1270,209,0.044312707782074766,78.47928963973132
608,928,208,0.04410068525680168,78.52339032498813
609,69,208,0.04410068525680168,78.56749101024494
610,1613,208,0.04410068525680168,78.61159169550174
611,636,208,0.04410068525680168,78.65569238075855
612,350,208,0.04410068525680168,78.69979306601536
613,346,208,0.04410068525680168,78.74389375127217
614,1805,207,0.0438886627315286,78.7877824140037
615,247,207,0.0438886627315286,78.83167107673523
616,1681,207,0.0438886627315286,78.87555973946677
617,152,207,0.0438886627315286,78.9194484021983
618,1570,207,0.0438886627315286,78.96333706492983
619,298,207,0.0438886627315286,79.00722572766136
620,1358,206,0.043676640206255515,79.05090236786762
621,1509,206,0.043676640206255515,79.09457900807388
622,1673,205,0.04346461768098243,79.13804362575486
623,674,205,0.04346461768098243,79.18150824343584
624,1715,205,0.04346461768098243,79.22497286111683
625,1812,205,0.04346461768098243,79.26843747879781
626,1,204,0.043252595155709346,79.31169007395351
627,172,204,0.043252595155709346,79.35494266910922
628,45,204,0.043252595155709346,79.39819526426493
629,452,204,0.043252595155709346,79.44144785942063
630,595,204,0.043252595155709346,79.48470045457634
631,1527,203,0.04304057263043626,79.52774102720677
632,1376,203,0.04304057263043626,79.5707815998372
633,293,203,0.04304057263043626,79.61382217246764
634,1583,203,0.04304057263043626,79.65686274509807
635,448,202,0.04282855010516317,79.69969129520322
636,142,202,0.04282855010516317,79.74251984530838
637,1544,202,0.04282855010516317,79.78534839541354
638,276,202,0.04282855010516317,79.82817694551869
639,72,202,0.04282855010516317,79.87100549562385
640,621,202,0.04282855010516317,79.913834045729
641,624,201,0.04261652757989009,79.9564505733089
642,1783,201,0.04261652757989009,79.9990671008888
643,295,201,0.04261652757989009,80.04168362846869
644,514,201,0.04261652757989009,80.08430015604858
645,1417,201,0.04261652757989009,80.12691668362848
646,1699,201,0.04261652757989009,80.16953321120837
647,1552,200,0.042404505054617,80.211937716263
648,1365,200,0.042404505054617,80.25434222131761
649,1667,199,0.04219248252934392,80.29653470384696
650,507,199,0.04219248252934392,80.3387271863763
651,1650,199,0.04219248252934392,80.38091966890565
652,151,198,0.04198046000407083,80.42290012890972
653,1626,198,0.04198046000407083,80.46488058891379
654,505,198,0.04198046000407083,80.50686104891786
655,1657,198,0.04198046000407083,80.54884150892192
656,440,198,0.04198046000407083,80.590821968926
657,926,197,0.04176843747879775,80.63259040640479
658,1352,197,0.04176843747879775,80.67435884388358
659,1364,197,0.04176843747879775,80.71612728136238
660,1025,197,0.04176843747879775,80.75789571884117
661,1444,197,0.04176843747879775,80.79966415631996
662,1359,196,0.04155641495352466,80.84122057127348
663,1616,196,0.04155641495352466,80.882776986227
664,1659,196,0.04155641495352466,80.92433340118052
665,1528,195,0.041344392428251574,80.96567779360878
666,28,195,0.041344392428251574,81.00702218603703
667,1726,195,0.041344392428251574,81.04836657846529
668,886,194,0.04113236990297849,81.08949894836827
669,1239,194,0.04113236990297849,81.13063131827126
670,1757,192,0.04070832485243232,81.17133964312369
671,1656,192,0.04070832485243232,81.21204796797612
672,1363,192,0.04070832485243232,81.25275629282855
673,669,192,0.04070832485243232,81.29346461768098
674,702,192,0.04070832485243232,81.33417294253341
675,952,192,0.04070832485243232,81.37488126738585
676,1756,192,0.04070832485243232,81.41558959223828
677,1477,191,0.040496302327159235,81.45608589456543
678,1804,191,0.040496302327159235,81.49658219689259
679,1571,191,0.040496302327159235,81.53707849921975
680,496,191,0.040496302327159235,81.5775748015469
681,21,191,0.040496302327159235,81.61807110387406
682,329,191,0.040496302327159235,81.65856740620121
683,625,190,0.040284279801886154,81.6988516860031
684,1545,190,0.040284279801886154,81.73913596580498
685,1816,190,0.040284279801886154,81.77942024560686
686,763,190,0.040284279801886154,81.81970452540874
687,1807,190,0.040284279801886154,81.85998880521062
688,493,188,0.03986023475133998,81.89984903996196
689,666,188,0.03986023475133998,81.93970927471331
690,1743,188,0.03986023475133998,81.97956950946465
691,302,188,0.03986023475133998,82.019429744216
692,1591,188,0.03986023475133998,82.05928997896734
693,1555,187,0.039648212226066896,82.09893819119341
694,132,187,0.039648212226066896,82.13858640341948
695,75,187,0.039648212226066896,82.17823461564555
696,1647,186,0.03943618970079381,82.21767080534634
697,49,186,0.03943618970079381,82.25710699504714
698,1252,186,0.03943618970079381,82.29654318474793
699,1450,186,0.03943618970079381,82.33597937444873
700,56,185,0.03922416717552073,82.37520354162424
701,827,185,0.03922416717552073,82.41442770879976
702,391,185,0.03922416717552073,82.45365187597528
703,955,185,0.03922416717552073,82.4928760431508
704,1737,185,0.03922416717552073,82.53210021032632
705,1778,185,0.03922416717552073,82.57132437750184
706,1436,184,0.039012144650247646,82.61033652215208
707,1110,184,0.039012144650247646,82.64934866680233
708,1759,184,0.039012144650247646,82.68836081145257
709,1760,184,0.039012144650247646,82.72737295610281
710,1469,184,0.039012144650247646,82.76638510075306
711,785,183,0.03880012212497456,82.80518522287802
712,1643,183,0.03880012212497456,82.84398534500299
713,1256,183,0.03880012212497456,82.88278546712796
714,67,182,0.03858809959970148,82.92137356672767
715,407,182,0.03858809959970148,82.95996166632737
716,1472,182,0.03858809959970148,82.99854976592708
717,1520,182,0.03858809959970148,83.03713786552679
718,1608,182,0.03858809959970148,83.0757259651265
719,300,181,0.03837607707442839,83.11410204220093
720,367,181,0.03837607707442839,83.15247811927536
721,170,180,0.0381640545491553,83.19064217382451
722,454,180,0.0381640545491553,83.22880622837367
723,1533,180,0.0381640545491553,83.26697028292283
724,1599,179,0.03795203202388222,83.30492231494671
725,1767,179,0.03795203202388222,83.34287434697059
726,599,179,0.03795203202388222,83.38082637899447
727,730,179,0.03795203202388222,83.41877841101835
728,1538,179,0.03795203202388222,83.45673044304223
729,430,178,0.03774000949860913,83.49447045254084
730,9,178,0.03774000949860913,83.53221046203944
731,654,178,0.03774000949860913,83.56995047153805
732,1792,178,0.03774000949860913,83.60769048103666
733,200,178,0.03774000949860913,83.64543049053526
734,1769,177,0.03752798697333605,83.68295847750859
735,1135,177,0.03752798697333605,83.72048646448192
736,1467,176,0.03731596444806296,83.75780242892999
737,349,176,0.03731596444806296,83.79511839337806
738,1695,176,0.03731596444806296,83.83243435782613
739,1068,175,0.03710394192278988,83.86953829974892
740,282,175,0.03710394192278988,83.90664224167172
741,573,174,0.03689191939751679,83.94353416106924
742,656,174,0.03689191939751679,83.98042608046676
743,199,174,0.03689191939751679,84.01731799986428
744,1686,174,0.03689191939751679,84.0542099192618
745,552,174,0.03689191939751679,84.09110183865931
746,1151,174,0.03689191939751679,84.12799375805683
747,1178,174,0.03689191939751679,84.16488567745435
748,1519,174,0.03689191939751679,84.20177759685187
749,867,173,0.036679896872243704,84.23845749372411
750,209,173,0.036679896872243704,84.27513739059636
751,221,173,0.036679896872243704,84.3118172874686
752,157,173,0.036679896872243704,84.34849718434084
753,822,173,0.036679896872243704,84.38517708121309
754,38,173,0.036679896872243704,84.42185697808533
755,1245,172,0.03646787434697062,84.4583248524323
756,360,172,0.03646787434697062,84.49479272677927
757,658,172,0.03646787434697062,84.53126060112623
758,258,172,0.03646787434697062,84.5677284754732
759,1604,172,0.03646787434697062,84.60419634982017
760,285,171,0.036255851821697535,84.64045220164186
761,716,171,0.036255851821697535,84.67670805346356
762,143,171,0.036255851821697535,84.71296390528525
763,62,170,0.036043829296424454,84.74900773458167
764,1749,170,0.036043829296424454,84.78505156387808
765,1041,169,0.035831806771151366,84.82088337064924
766,1697,169,0.035831806771151366,84.8567151774204
767,554,169,0.035831806771151366,84.89254698419155
768,782,169,0.035831806771151366,84.92837879096271
769,1612,168,0.035619784245878285,84.96399857520859
770,911,168,0.035619784245878285,84.99961835945447
771,1593,168,0.035619784245878285,85.03523814370035
772,1410,167,0.035407761720605196,85.07064590542096
773,1780,166,0.03519573919533211,85.10584164461629
774,925,166,0.03519573919533211,85.14103738381162
775,398,166,0.03519573919533211,85.17623312300695
776,442,165,0.03498371667005903,85.21121683967701
777,1331,165,0.03498371667005903,85.24620055634706
778,786,164,0.03477169414478594,85.28097225049184
779,476,163,0.03455967161951286,85.31553192211136
780,896,163,0.03455967161951286,85.35009159373088
781,861,162,0.03434764909423978,85.38443924282512
782,104,162,0.03434764909423978,85.41878689191937
783,501,162,0.03434764909423978,85.45313454101361
784,1080,161,0.03413562656896668,85.48727016758258
785,788,161,0.03413562656896668,85.52140579415155
786,823,161,0.03413562656896668,85.55554142072052
787,917,161,0.03413562656896668,85.58967704728948
788,106,161,0.03413562656896668,85.62381267385845
789,1766,161,0.03413562656896668,85.65794830042742
790,415,160,0.0339236040436936,85.69187190447111
791,380,160,0.0339236040436936,85.7257955085148
792,308,159,0.03371158151842052,85.75950709003322
793,543,159,0.03371158151842052,85.79321867155164
794,1400,159,0.03371158151842052,85.82693025307006
795,1299,159,0.03371158151842052,85.86064183458848
796,601,159,0.03371158151842052,85.8943534161069
797,542,158,0.03349955899314743,85.92785297510004
798,1323,158,0.03349955899314743,85.96135253409318
799,859,158,0.03349955899314743,85.99485209308632
800,1578,157,0.03328753646787435,86.0281396295542
801,153,157,0.03328753646787435,86.06142716602209
802,1392,157,0.03328753646787435,86.09471470248997
803,1761,157,0.03328753646787435,86.12800223895785
804,1569,157,0.03328753646787435,86.16128977542573
805,1035,156,0.03307551394260126,86.19436528936833
806,97,156,0.03307551394260126,86.22744080331094
807,1471,156,0.03307551394260126,86.26051631725355
808,534,156,0.03307551394260126,86.29359183119615
809,1476,155,0.03286349141732818,86.32645532261348
810,263,155,0.03286349141732818,86.35931881403081
811,227,155,0.03286349141732818,86.39218230544815
812,1243,155,0.03286349141732818,86.42504579686548
813,1413,154,0.03265146889205509,86.45769726575753
814,39,154,0.03265146889205509,86.49034873464959
815,363,154,0.03265146889205509,86.52300020354164
816,1088,154,0.03265146889205509,86.5556516724337
817,1061,154,0.03265146889205509,86.58830314132575
818,124,153,0.032439446366782004,86.62074258769253
819,1430,153,0.032439446366782004,86.65318203405931
820,252,153,0.032439446366782004,86.6856214804261
821,55,152,0.03222742384150892,86.7178489042676
822,1772,152,0.03222742384150892,86.7500763281091
823,1751,152,0.03222742384150892,86.78230375195061
824,875,152,0.03222742384150892,86.81453117579211
825,2,152,0.03222742384150892,86.84675859963362
826,1242,152,0.03222742384150892,86.87898602347512
827,218,152,0.03222742384150892,86.91121344731663
828,632,152,0.03222742384150892,86.94344087115813
829,233,151,0.032015401316235835,86.97545627247436
830,43,151,0.032015401316235835,87.00747167379059
831,1160,151,0.032015401316235835,87.03948707510682
832,119,151,0.032015401316235835,87.07150247642305
833,640,150,0.031803378790962754,87.10330585521402
834,12,150,0.031803378790962754,87.13510923400499
835,248,150,0.031803378790962754,87.16691261279595
836,64,150,0.031803378790962754,87.19871599158692
837,34,149,0.031591356265689666,87.23030734785262
838,1785,149,0.031591356265689666,87.26189870411831
839,385,149,0.031591356265689666,87.293490060384
840,1375,149,0.031591356265689666,87.3250814166497
841,129,149,0.031591356265689666,87.35667277291539
842,53,149,0.031591356265689666,87.38826412918108
843,1048,149,0.031591356265689666,87.41985548544677
844,59,148,0.031379333740416585,87.45123481918719
845,568,148,0.031379333740416585,87.48261415292761
846,1701,148,0.031379333740416585,87.51399348666803
847,94,147,0.031167311215143493,87.54516079788317
848,256,147,0.031167311215143493,87.57632810909831
849,192,147,0.031167311215143493,87.60749542031346
850,197,147,0.031167311215143493,87.6386627315286
851,1406,146,0.030955288689870412,87.66961802021846
852,281,146,0.030955288689870412,87.70057330890833
853,1173,146,0.030955288689870412,87.7315285975982
854,450,146,0.030955288689870412,87.76248388628807
855,1019,146,0.030955288689870412,87.79343917497793
856,1411,145,0.030743266164597327,87.82418244114253
857,1442,145,0.030743266164597327,87.85492570730712
858,508,145,0.030743266164597327,87.88566897347171
859,63,145,0.030743266164597327,87.9164122396363
860,1174,145,0.030743266164597327,87.9471555058009
861,1342,145,0.030743266164597327,87.97789877196549
862,1692,145,0.030743266164597327,88.00864203813008
863,1464,145,0.030743266164597327,88.03938530429467
864,375,145,0.030743266164597327,88.07012857045926
865,406,145,0.030743266164597327,88.10087183662385
866,306,143,0.030319221114051158,88.13119105773791
867,418,143,0.030319221114051158,88.16151027885196
868,1023,142,0.030107198588778073,88.19161747744074
869,800,142,0.030107198588778073,88.22172467602952
870,1349,142,0.030107198588778073,88.2518318746183
871,313,142,0.030107198588778073,88.28193907320708
872,1386,142,0.030107198588778073,88.31204627179586
873,1129,142,0.030107198588778073,88.34215347038464
874,1107,141,0.02989517606350499,88.37204864644815
875,1602,141,0.02989517606350499,88.40194382251165
876,115,141,0.02989517606350499,88.43183899857516
877,1575,141,0.02989517606350499,88.46173417463866
878,744,141,0.02989517606350499,88.49162935070217
879,173,141,0.02989517606350499,88.52152452676567
880,1171,140,0.0296831535382319,88.5512076803039
881,535,140,0.0296831535382319,88.58089083384213
882,569,140,0.0296831535382319,88.61057398738036
883,299,140,0.0296831535382319,88.64025714091859
884,1433,140,0.0296831535382319,88.66994029445682
885,357,139,0.029471131012958816,88.69941142546978
886,1516,139,0.029471131012958816,88.72888255648273
887,1730,138,0.02925910848768573,88.75814166497041
888,1631,138,0.02925910848768573,88.78740077345809
889,1318,138,0.02925910848768573,88.81665988194577
890,520,137,0.029047085962412646,88.84570696790819
891,777,137,0.029047085962412646,88.8747540538706
892,830,137,0.029047085962412646,88.90380113983302
893,1224,137,0.029047085962412646,88.93284822579544
894,1233,137,0.029047085962412646,88.96189531175786
895,304,137,0.029047085962412646,88.99094239772027
896,1800,137,0.029047085962412646,89.01998948368269
897,1638,136,0.02883506343713956,89.04882454711984
898,52,136,0.02883506343713956,89.07765961055698
899,1781,136,0.02883506343713956,89.10649467399412
900,657,136,0.02883506343713956,89.13532973743126
901,1512,136,0.02883506343713956,89.1641648008684
902,533,136,0.02883506343713956,89.19299986430555
903,1564,135,0.028623040911866477,89.22162290521742
904,1565,135,0.028623040911866477,89.25024594612928
905,757,135,0.028623040911866477,89.27886898704115
906,1039,135,0.028623040911866477,89.30749202795302
907,1500,135,0.028623040911866477,89.33611506886488
908,1459,135,0.028623040911866477,89.36473810977675
909,342,134,0.028411018386593392,89.39314912816334
910,88,134,0.028411018386593392,89.42156014654994
911,1384,134,0.028411018386593392,89.44997116493653
912,1574,134,0.028411018386593392,89.47838218332312
913,591,133,0.028198995861320304,89.50658117918444
914,1791,132,0.02798697333604722,89.53456815252048
915,1380,132,0.02798697333604722,89.56255512585652
916,241,132,0.02798697333604722,89.59054209919256
917,972,132,0.02798697333604722,89.6185290725286
918,196,132,0.02798697333604722,89.64651604586464
919,1479,132,0.02798697333604722,89.67450301920069
920,1462,132,0.02798697333604722,89.70248999253673
921,404,132,0.02798697333604722,89.73047696587277
922,491,131,0.027774950810774135,89.75825191668355
923,1742,131,0.027774950810774135,89.78602686749433
924,1356,131,0.027774950810774135,89.81380181830511
925,339,131,0.027774950810774135,89.84157676911589
926,1606,131,0.027774950810774135,89.86935171992667
927,261,131,0.027774950810774135,89.89712667073745
928,767,130,0.02756292828550105,89.92468959902295
929,1257,130,0.02756292828550105,89.95225252730846
930,723,130,0.02756292828550105,89.97981545559396
931,1339,130,0.02756292828550105,90.00737838387947
932,1741,129,0.02735090576022797,90.0347292896397
933,5,129,0.02735090576022797,90.06208019539993
934,1298,129,0.02735090576022797,90.08943110116016
935,986,129,0.02735090576022797,90.11678200692039
936,1603,128,0.027138883234954884,90.14392089015534
937,212,128,0.027138883234954884,90.1710597733903
938,1482,128,0.027138883234954884,90.19819865662525
939,1707,128,0.027138883234954884,90.2253375398602
940,162,128,0.027138883234954884,90.25247642309516
941,509,128,0.027138883234954884,90.27961530633011
942,616,128,0.027138883234954884,90.30675418956507
943,1587,128,0.027138883234954884,90.33389307280002
944,1788,128,0.027138883234954884,90.36103195603498
945,1819,128,0.027138883234954884,90.38817083926993
946,1087,127,0.0269268607096818,90.41509769997961
947,458,127,0.0269268607096818,90.44202456068929
948,178,127,0.0269268607096818,90.46895142139897
949,185,127,0.0269268607096818,90.49587828210865
950,930,127,0.0269268607096818,90.52280514281833
951,668,126,0.026714838184408708,90.54951998100273
952,1290,126,0.026714838184408708,90.57623481918714
953,570,125,0.026502815659135627,90.60273763484628
954,1523,125,0.026502815659135627,90.62924045050542
955,1360,125,0.026502815659135627,90.65574326616456
956,1576,125,0.026502815659135627,90.6822460818237
957,701,124,0.026290793133862542,90.70853687495757
958,1285,124,0.026290793133862542,90.73482766809144
959,103,124,0.026290793133862542,90.76111846122531
960,1547,124,0.026290793133862542,90.78740925435918
961,1621,124,0.026290793133862542,90.81370004749304
962,71,123,0.026078770608589458,90.83977881810164
963,235,123,0.026078770608589458,90.86585758871023
964,1139,123,0.026078770608589458,90.89193635931882
965,1212,122,0.025866748083316373,90.91780310740214
966,1594,122,0.025866748083316373,90.94366985548545
967,1786,122,0.025866748083316373,90.96953660356877
968,1100,121,0.02565472555804329,90.99519132912681
969,627,121,0.02565472555804329,91.02084605468485
970,1511,121,0.02565472555804329,91.0465007802429
971,1682,121,0.02565472555804329,91.07215550580094
972,1811,121,0.02565472555804329,91.09781023135898
973,1666,121,0.02565472555804329,91.12346495691702
974,1828,120,0.025442703032770204,91.14890765994978
975,1006,120,0.025442703032770204,91.17435036298255
976,1269,120,0.025442703032770204,91.19979306601532
977,8,120,0.025442703032770204,91.22523576904808
978,46,120,0.025442703032770204,91.25067847208085
979,1550,120,0.025442703032770204,91.27612117511362
980,829,120,0.025442703032770204,91.30156387814638
981,1541,120,0.025442703032770204,91.32700658117915
982,206,119,0.025230680507497116,91.35223726168664
983,1586,119,0.025230680507497116,91.37746794219413
984,85,119,0.025230680507497116,91.40269862270162
985,1508,119,0.025230680507497116,91.42792930320911
986,1251,119,0.025230680507497116,91.4531599837166
987,1560,119,0.025230680507497116,91.4783906642241
988,776,119,0.025230680507497116,91.50362134473158
989,737,118,0.02501865798222403,91.52864000271381
990,810,118,0.02501865798222403,91.55365866069604
991,1324,118,0.02501865798222403,91.57867731867827
992,1453,117,0.024806635456950946,91.60348395413523
993,15,117,0.024806635456950946,91.62829058959218
994,838,117,0.024806635456950946,91.65309722504914
995,1454,116,0.02459461293167786,91.67769183798082
996,1736,116,0.02459461293167786,91.7022864509125
997,985,116,0.02459461293167786,91.72688106384417
998,139,116,0.02459461293167786,91.75147567677585
999,400,115,0.024382590406404777,91.77585826718226
1000,1259,115,0.024382590406404777,91.80024085758866
1001,125,115,0.024382590406404777,91.82462344799507
1002,1548,114,0.024170567881131692,91.8487940158762
1003,943,114,0.024170567881131692,91.87296458375732
1004,1826,113,0.023958545355858608,91.89692312911318
1005,457,113,0.023958545355858608,91.92088167446903
1006,352,113,0.023958545355858608,91.94484021982488
1007,1562,113,0.023958545355858608,91.96879876518074
1008,1810,113,0.023958545355858608,91.99275731053659
1009,1412,113,0.023958545355858608,92.01671585589244
1010,287,113,0.023958545355858608,92.0406744012483
1011,1377,112,0.023746522830585523,92.06442092407889
1012,351,112,0.023746522830585523,92.08816744690948
1013,1687,112,0.023746522830585523,92.11191396974007
1014,610,112,0.023746522830585523,92.13566049257066
1015,180,112,0.023746522830585523,92.15940701540126
1016,596,111,0.023534500305312435,92.18294151570657
1017,98,111,0.023534500305312435,92.20647601601189
1018,134,110,0.02332247778003935,92.22979849379193
1019,581,110,0.02332247778003935,92.25312097157197
1020,33,110,0.02332247778003935,92.27644344935202
1021,884,109,0.023110455254766266,92.29955390460678
1022,1218,109,0.023110455254766266,92.32266435986155
1023,937,109,0.023110455254766266,92.34577481511631
1024,245,109,0.023110455254766266,92.36888527037108
1025,1152,109,0.023110455254766266,92.39199572562585
1026,471,109,0.023110455254766266,92.41510618088061
1027,54,109,0.023110455254766266,92.43821663613538
1028,959,108,0.022898432729493184,92.46111506886487
1029,527,108,0.022898432729493184,92.48401350159436
1030,532,108,0.022898432729493184,92.50691193432385
1031,910,108,0.022898432729493184,92.52981036705334
1032,1249,107,0.022686410204220096,92.55249677725756
1033,1789,107,0.022686410204220096,92.57518318746177
1034,958,107,0.022686410204220096,92.59786959766599
1035,1370,107,0.022686410204220096,92.6205560078702
1036,359,106,0.02247438767894701,92.64303039554915
1037,906,106,0.02247438767894701,92.66550478322809
1038,436,106,0.02247438767894701,92.68797917090703
1039,237,105,0.022262365153673927,92.7102415360607
1040,913,105,0.022262365153673927,92.73250390121439
1041,330,105,0.022262365153673927,92.75476626636807
1042,802,105,0.022262365153673927,92.77702863152174
1043,116,105,0.022262365153673927,92.79929099667542
1044,1304,104,0.02205034262840084,92.82134133930383
1045,927,104,0.02205034262840084,92.84339168193223
1046,1014,104,0.02205034262840084,92.86544202456064
1047,1794,104,0.02205034262840084,92.88749236718904
1048,219,104,0.02205034262840084,92.90954270981744
1049,853,104,0.02205034262840084,92.93159305244585
1050,1226,104,0.02205034262840084,92.95364339507425
1051,386,104,0.02205034262840084,92.97569373770266
1052,1790,103,0.021838320103127758,92.99753205780578
1053,1066,103,0.021838320103127758,93.01937037790891
1054,1085,103,0.021838320103127758,93.04120869801204
1055,91,103,0.021838320103127758,93.06304701811517
1056,938,103,0.021838320103127758,93.0848853382183
1057,240,103,0.021838320103127758,93.10672365832143
1058,395,103,0.021838320103127758,93.12856197842456
1059,475,102,0.021626297577854673,93.15018827600241
1060,1731,102,0.021626297577854673,93.17181457358026
1061,1503,102,0.021626297577854673,93.19344087115812
1062,778,102,0.021626297577854673,93.21506716873597
1063,1758,101,0.021414275052581585,93.23648144378855
1064,715,101,0.021414275052581585,93.25789571884113
1065,226,101,0.021414275052581585,93.2793099938937
1066,181,101,0.021414275052581585,93.30072426894628
1067,187,101,0.021414275052581585,93.32213854399886
1068,866,101,0.021414275052581585,93.34355281905144
1069,933,101,0.021414275052581585,93.36496709410402
1070,1315,101,0.021414275052581585,93.3863813691566
1071,1496,101,0.021414275052581585,93.40779564420917
1072,1808,100,0.0212022525273085,93.42899789673648
1073,1798,100,0.0212022525273085,93.45020014926378
1074,607,100,0.0212022525273085,93.47140240179108
1075,1610,100,0.0212022525273085,93.49260465431838
1076,1825,100,0.0212022525273085,93.51380690684569
1077,495,100,0.0212022525273085,93.53500915937299
1078,1530,100,0.0212022525273085,93.55621141190029
1079,290,100,0.0212022525273085,93.5774136644276
1080,1619,99,0.020990230002035416,93.59840389442964
1081,1821,99,0.020990230002035416,93.61939412443168
1082,1824,99,0.020990230002035416,93.64038435443372
1083,1752,99,0.020990230002035416,93.66137458443576
1084,379,99,0.020990230002035416,93.6823648144378
1085,381,99,0.020990230002035416,93.70335504443985
1086,1146,99,0.020990230002035416,93.72434527444189
1087,567,99,0.020990230002035416,93.74533550444393
1088,877,99,0.020990230002035416,93.76632573444597
1089,1677,98,0.02077820747676233,93.78710394192274
1090,326,98,0.02077820747676233,93.8078821493995
1091,1446,98,0.02077820747676233,93.82866035687627
1092,1192,98,0.02077820747676233,93.84943856435304
1093,1632,98,0.02077820747676233,93.8702167718298
1094,962,97,0.020566184951489246,93.8907829567813
1095,481,97,0.020566184951489246,93.91134914173279
1096,249,96,0.02035416242621616,93.931703304159
1097,1483,96,0.02035416242621616,93.95205746658522
1098,1771,96,0.02035416242621616,93.97241162901143
1099,522,96,0.02035416242621616,93.99276579143765
1100,603,96,0.02035416242621616,94.01311995386386
1101,834,96,0.02035416242621616,94.03347411629008
1102,909,96,0.02035416242621616,94.0538282787163
1103,468,95,0.020142139900943077,94.07397041861724
1104,1553,95,0.020142139900943077,94.09411255851818
1105,1091,94,0.01993011737566999,94.11404267589384
1106,850,94,0.01993011737566999,94.1339727932695
1107,1040,93,0.019718094850396904,94.1536908881199
1108,1036,93,0.019718094850396904,94.17340898297029
1109,582,93,0.019718094850396904,94.19312707782068
1110,673,92,0.019506072325123823,94.2126331501458
1111,464,92,0.019506072325123823,94.23213922247093
1112,48,92,0.019506072325123823,94.25164529479606
1113,1443,92,0.019506072325123823,94.27115136712119
1114,540,92,0.019506072325123823,94.29065743944632
1115,851,92,0.019506072325123823,94.31016351177145
1116,411,91,0.01929404979985074,94.3294575615713
1117,68,91,0.01929404979985074,94.34875161137116
1118,1665,91,0.01929404979985074,94.36804566117101
1119,1806,91,0.01929404979985074,94.38733971097086
1120,1313,91,0.01929404979985074,94.40663376077072
1121,1622,91,0.01929404979985074,94.42592781057057
1122,1817,90,0.01908202727457765,94.44500983784515
1123,1255,90,0.01908202727457765,94.46409186511973
1124,1429,90,0.01908202727457765,94.4831738923943
1125,228,90,0.01908202727457765,94.50225591966888
1126,644,90,0.01908202727457765,94.52133794694346
1127,463,90,0.01908202727457765,94.54041997421804
1128,1589,89,0.018870004749304566,94.55928997896734
1129,660,89,0.018870004749304566,94.57815998371665
1130,968,89,0.018870004749304566,94.59702998846595
1131,979,88,0.01865798222403148,94.61568797068998
1132,1465,88,0.01865798222403148,94.634345952914
1133,443,88,0.01865798222403148,94.65300393513803
1134,1225,88,0.01865798222403148,94.67166191736206
1135,1219,88,0.01865798222403148,94.69031989958609
1136,738,88,0.01865798222403148,94.70897788181011
1137,1801,87,0.018445959698758396,94.72742384150887
1138,78,87,0.018445959698758396,94.74586980120762
1139,1539,87,0.018445959698758396,94.76431576090637
1140,84,87,0.018445959698758396,94.78276172060512
1141,731,86,0.01823393717348531,94.80099565777861
1142,1540,86,0.01823393717348531,94.8192295949521
1143,620,86,0.01823393717348531,94.8374635321256
1144,1215,86,0.01823393717348531,94.85569746929909
1145,950,86,0.01823393717348531,94.87393140647258
1146,804,86,0.01823393717348531,94.89216534364607
1147,1175,85,0.018021914648212227,94.91018725829429
1148,155,85,0.018021914648212227,94.9282091729425
1149,1274,85,0.018021914648212227,94.94623108759072
1150,1484,85,0.018021914648212227,94.96425300223893
1151,1597,84,0.017809892122939142,94.98206289436187
1152,608,84,0.017809892122939142,94.99987278648481
1153,652,84,0.017809892122939142,95.01768267860776
1154,1336,83,0.017597869597666054,95.03528054820542
1155,525,83,0.017597869597666054,95.05287841780309
1156,366,83,0.017597869597666054,95.07047628740075
1157,898,82,0.01738584707239297,95.08786213447314
1158,1105,82,0.01738584707239297,95.10524798154553
1159,193,82,0.01738584707239297,95.12263382861792
1160,122,82,0.01738584707239297,95.14001967569031
1161,1395,82,0.01738584707239297,95.1574055227627
1162,1026,82,0.01738584707239297,95.17479136983509
1163,1557,81,0.01717382454711989,95.1919651943822
1164,781,81,0.01717382454711989,95.20913901892932
1165,1831,81,0.01717382454711989,95.22631284347644
1166,1020,81,0.01717382454711989,95.24348666802355
1167,1379,81,0.01717382454711989,95.26066049257066
1168,378,80,0.0169618020218468,95.27762229459252
1169,340,80,0.0169618020218468,95.29458409661437
1170,167,80,0.0169618020218468,95.31154589863623
1171,769,80,0.0169618020218468,95.32850770065808
1172,703,80,0.0169618020218468,95.34546950267993
1173,1109,80,0.0169618020218468,95.36243130470179
1174,1093,79,0.016749779496573716,95.37918108419836
1175,1567,79,0.016749779496573716,95.39593086369494
1176,70,79,0.016749779496573716,95.41268064319152
1177,957,79,0.016749779496573716,95.4294304226881
1178,101,79,0.016749779496573716,95.44618020218468
1179,58,78,0.01653775697130063,95.46271795915598
1180,126,78,0.01653775697130063,95.47925571612728
1181,691,78,0.01653775697130063,95.49579347309859
1182,651,78,0.01653775697130063,95.51233123006989
1183,1057,78,0.01653775697130063,95.5288689870412
1184,1776,78,0.01653775697130063,95.5454067440125
1185,331,78,0.01653775697130063,95.5619445009838
1186,433,78,0.01653775697130063,95.5784822579551
1187,1029,77,0.016325734446027546,95.59480799240113
1188,273,77,0.016325734446027546,95.61113372684716
1189,965,77,0.016325734446027546,95.62745946129318
1190,990,77,0.016325734446027546,95.64378519573921
1191,667,77,0.016325734446027546,95.66011093018524
1192,1652,77,0.016325734446027546,95.67643666463127
1193,1021,76,0.01611371192075446,95.69255037655202
1194,1434,76,0.01611371192075446,95.70866408847277
1195,423,76,0.01611371192075446,95.72477780039353
1196,1716,76,0.01611371192075446,95.74089151231428
1197,456,76,0.01611371192075446,95.75700522423503
1198,1334,76,0.01611371192075446,95.77311893615578
1199,1343,76,0.01611371192075446,95.78923264807653
1200,750,76,0.01611371192075446,95.80534635999729
1201,1579,76,0.01611371192075446,95.82146007191804
1202,812,76,0.01611371192075446,95.83757378383879
1203,232,76,0.01611371192075446,95.85368749575954
1204,225,76,0.01611371192075446,95.8698012076803
1205,89,75,0.015901689395481377,95.88570289707577
1206,1357,75,0.015901689395481377,95.90160458647125
1207,217,75,0.015901689395481377,95.91750627586673
1208,275,75,0.015901689395481377,95.9334079652622
1209,1196,75,0.015901689395481377,95.94930965465768
1210,626,74,0.015689666870208292,95.96499932152788
1211,1720,74,0.015689666870208292,95.98068898839809
1212,643,74,0.015689666870208292,95.99637865526829
1213,112,73,0.015477644344935206,96.01185629961323
1214,647,73,0.015477644344935206,96.02733394395817
1215,604,73,0.015477644344935206,96.04281158830311
1216,1355,73,0.015477644344935206,96.05828923264805
1217,201,73,0.015477644344935206,96.07376687699299
1218,1126,73,0.015477644344935206,96.08924452133793
1219,1774,73,0.015477644344935206,96.10472216568287
1220,1777,72,0.015265621819662121,96.11998778750254
1221,382,72,0.015265621819662121,96.1352534093222
1222,1182,71,0.015053599294389037,96.1503070086166
1223,677,71,0.015053599294389037,96.16536060791098
1224,1082,71,0.015053599294389037,96.18041420720537
1225,1432,71,0.015053599294389037,96.19546780649976
1226,1149,71,0.015053599294389037,96.21052140579415
1227,845,71,0.015053599294389037,96.22557500508854
1228,831,71,0.015053599294389037,96.24062860438293
1229,1084,70,0.01484157676911595,96.25547018115205
1230,1566,70,0.01484157676911595,96.27031175792116
1231,1754,70,0.01484157676911595,96.28515333469028
1232,779,70,0.01484157676911595,96.2999949114594
1233,486,70,0.01484157676911595,96.31483648822851
1234,1818,70,0.01484157676911595,96.32967806499762
1235,1797,70,0.01484157676911595,96.34451964176674
1236,1795,70,0.01484157676911595,96.35936121853585
1237,392,70,0.01484157676911595,96.37420279530497
1238,852,70,0.01484157676911595,96.38904437207408
1239,292,70,0.01484157676911595,96.4038859488432
1240,1827,70,0.01484157676911595,96.41872752561231
1241,1823,70,0.01484157676911595,96.43356910238143
1242,210,69,0.014629554243842866,96.44819865662527
1243,1053,69,0.014629554243842866,96.4628282108691
1244,1150,69,0.014629554243842866,96.47745776511294
1245,541,69,0.014629554243842866,96.49208731935678
1246,337,68,0.01441753171856978,96.50650485107535
1247,1092,68,0.01441753171856978,96.52092238279391
1248,1582,68,0.01441753171856978,96.53533991451248
1249,612,68,0.01441753171856978,96.54975744623104
1250,935,68,0.01441753171856978,96.5641749779496
1251,484,68,0.01441753171856978,96.57859250966817
1252,105,68,0.01441753171856978,96.59301004138673
1253,260,68,0.01441753171856978,96.6074275731053
1254,1813,67,0.014205509193296696,96.6216330822986
1255,314,67,0.014205509193296696,96.6358385914919
1256,1373,67,0.014205509193296696,96.65004410068521
1257,566,67,0.014205509193296696,96.66424960987851
1258,11,67,0.014205509193296696,96.67845511907181
1259,169,66,0.01399348666802361,96.69244860573984
1260,1671,66,0.01399348666802361,96.70644209240787
1261,805,66,0.01399348666802361,96.7204355790759
1262,746,66,0.01399348666802361,96.73442906574392
1263,1559,66,0.01399348666802361,96.74842255241195
1264,1322,66,0.01399348666802361,96.76241603907998
1265,1265,66,0.01399348666802361,96.77640952574801
1266,87,66,0.01399348666802361,96.79040301241604
1267,414,66,0.01399348666802361,96.80439649908406
1268,615,65,0.013781464142750525,96.81817796322682
1269,889,65,0.013781464142750525,96.83195942736957
1270,734,65,0.013781464142750525,96.84574089151232
1271,190,65,0.013781464142750525,96.85952235565507
1272,956,64,0.013569441617477442,96.87309179727255
1273,1329,64,0.013569441617477442,96.88666123889003
1274,137,64,0.013569441617477442,96.9002306805075
1275,1301,64,0.013569441617477442,96.91380012212498
1276,1143,63,0.013357419092204354,96.92715754121718
1277,1424,63,0.013357419092204354,96.94051496030939
1278,727,63,0.013357419092204354,96.95387237940159
1279,1466,63,0.013357419092204354,96.96722979849379
1280,284,63,0.013357419092204354,96.98058721758599
1281,1577,63,0.013357419092204354,96.9939446366782
1282,100,63,0.013357419092204354,97.0073020557704
1283,1347,63,0.013357419092204354,97.0206594748626
1284,619,62,0.013145396566931271,97.03380487142952
1285,724,62,0.013145396566931271,97.04695026799645
1286,135,62,0.013145396566931271,97.06009566456338
1287,244,62,0.013145396566931271,97.0732410611303
1288,51,61,0.012933374041658187,97.08617443517196
1289,332,61,0.012933374041658187,97.0991078092136
1290,497,61,0.012933374041658187,97.11204118325526
1291,1531,61,0.012933374041658187,97.12497455729691
1292,1704,61,0.012933374041658187,97.13790793133856
1293,1393,61,0.012933374041658187,97.15084130538021
1294,799,61,0.012933374041658187,97.16377467942186
1295,499,61,0.012933374041658187,97.17670805346351
1296,589,61,0.012933374041658187,97.18964142750517
1297,712,60,0.012721351516385102,97.20236277902156
1298,1455,60,0.012721351516385102,97.21508413053795
1299,1404,60,0.012721351516385102,97.22780548205434
1300,1735,60,0.012721351516385102,97.24052683357073
1301,1321,60,0.012721351516385102,97.25324818508712
1302,1282,60,0.012721351516385102,97.2659695366035
1303,1833,59,0.012509328991112015,97.27847886559462
1304,310,59,0.012509328991112015,97.29098819458574
1305,1561,59,0.012509328991112015,97.30349752357685
1306,1815,59,0.012509328991112015,97.31600685256797
1307,1809,59,0.012509328991112015,97.32851618155908
1308,445,59,0.012509328991112015,97.3410255105502
1309,1499,59,0.012509328991112015,97.35353483954131
1310,584,58,0.01229730646583893,97.36583214600715
1311,96,58,0.01229730646583893,97.37812945247299
1312,721,58,0.01229730646583893,97.39042675893883
1313,555,58,0.01229730646583893,97.40272406540467
1314,1714,58,0.01229730646583893,97.41502137187051
1315,150,58,0.01229730646583893,97.42731867833635
1316,159,58,0.01229730646583893,97.43961598480219
1317,1124,57,0.012085283940565846,97.45170126874275
1318,1820,57,0.012085283940565846,97.46378655268332
1319,1658,57,0.012085283940565846,97.47587183662388
1320,160,57,0.012085283940565846,97.48795712056445
1321,336,57,0.012085283940565846,97.50004240450501
1322,1551,56,0.011873261415292762,97.5119156659203
1323,538,56,0.011873261415292762,97.52378892733559
1324,1505,56,0.011873261415292762,97.53566218875088
1325,31,55,0.011661238890019675,97.54732342764089
1326,849,55,0.011661238890019675,97.5589846665309
1327,1438,55,0.011661238890019675,97.57064590542092
1328,1230,55,0.011661238890019675,97.58230714431093
1329,455,55,0.011661238890019675,97.59396838320095
1330,946,55,0.011661238890019675,97.60562962209096
1331,557,54,0.011449216364746592,97.61707883845571
1332,1183,54,0.011449216364746592,97.62852805482046
1333,683,54,0.011449216364746592,97.63997727118522
1334,748,54,0.011449216364746592,97.65142648754997
1335,1234,54,0.011449216364746592,97.66287570391472
1336,821,53,0.011237193839473506,97.6741128977542
1337,1398,53,0.011237193839473506,97.68535009159368
1338,341,52,0.01102517131420042,97.69637526290788
1339,1822,52,0.01102517131420042,97.70740043422208
1340,994,52,0.01102517131420042,97.71842560553628
1341,987,52,0.01102517131420042,97.72945077685048
1342,1220,52,0.01102517131420042,97.74047594816469
1343,30,52,0.01102517131420042,97.75150111947889
1344,629,52,0.01102517131420042,97.76252629079309
1345,1291,51,0.010813148788927337,97.77333943958202
1346,1120,51,0.010813148788927337,97.78415258837094
1347,989,51,0.010813148788927337,97.79496573715987
1348,900,50,0.01060112626365425,97.80556686342352
1349,835,50,0.01060112626365425,97.81616798968717
1350,1770,50,0.01060112626365425,97.82676911595082
1351,1648,50,0.01060112626365425,97.83737024221448
1352,1675,50,0.01060112626365425,97.84797136847813
1353,1034,50,0.01060112626365425,97.85857249474178
1354,469,49,0.010389103738381165,97.86896159848015
1355,1210,49,0.010389103738381165,97.87935070221853
1356,1745,49,0.010389103738381165,97.8897398059569
1357,1294,49,0.010389103738381165,97.90012890969528
1358,512,49,0.010389103738381165,97.91051801343366
1359,536,49,0.010389103738381165,97.92090711717204
1360,803,49,0.010389103738381165,97.93129622091041
1361,530,48,0.01017708121310808,97.94147330212353
1362,334,48,0.01017708121310808,97.95165038333664
1363,815,48,0.01017708121310808,97.96182746454976
1364,1138,48,0.01017708121310808,97.97200454576287
1365,338,48,0.01017708121310808,97.98218162697599
1366,733,48,0.01017708121310808,97.9923587081891
1367,578,48,0.01017708121310808,98.00253578940222
1368,195,48,0.01017708121310808,98.01271287061533
1369,1418,48,0.01017708121310808,98.02288995182845
1370,1683,47,0.009965058687834994,98.03285501051629
1371,1132,47,0.009965058687834994,98.04282006920413
1372,1829,47,0.009965058687834994,98.05278512789197
1373,1830,47,0.009965058687834994,98.0627501865798
1374,1495,47,0.009965058687834994,98.07271524526764
1375,1049,47,0.009965058687834994,98.08268030395548
1376,24,47,0.009965058687834994,98.09264536264332
1377,145,47,0.009965058687834994,98.10261042133116
1378,795,47,0.009965058687834994,98.112575480019
1379,1378,46,0.009753036162561911,98.12232851618157
1380,500,46,0.009753036162561911,98.13208155234413
1381,939,46,0.009753036162561911,98.1418345885067
1382,312,46,0.009753036162561911,98.15158762466926
1383,1117,46,0.009753036162561911,98.16134066083183
1384,914,46,0.009753036162561911,98.17109369699439
1385,318,46,0.009753036162561911,98.18084673315695
1386,1009,46,0.009753036162561911,98.19059976931952
1387,1799,45,0.009541013637288825,98.20014078295681
1388,289,45,0.009541013637288825,98.2096817965941
1389,301,45,0.009541013637288825,98.21922281023139
1390,1522,45,0.009541013637288825,98.22876382386868
1391,872,45,0.009541013637288825,98.23830483750596
1392,462,45,0.009541013637288825,98.24784585114325
1393,762,45,0.009541013637288825,98.25738686478054
1394,410,45,0.009541013637288825,98.26692787841783
1395,1832,45,0.009541013637288825,98.27646889205512
1396,1814,45,0.009541013637288825,98.28600990569241
1397,1793,44,0.00932899111201574,98.29533889680442
1398,1177,44,0.00932899111201574,98.30466788791644
1399,1746,44,0.00932899111201574,98.31399687902845
1400,1114,44,0.00932899111201574,98.32332587014047
1401,1556,44,0.00932899111201574,98.33265486125248
1402,948,44,0.00932899111201574,98.34198385236449
1403,397,44,0.00932899111201574,98.3513128434765
1404,1456,44,0.00932899111201574,98.36064183458852
1405,518,44,0.00932899111201574,98.36997082570053
1406,676,44,0.00932899111201574,98.37929981681255
1407,855,44,0.00932899111201574,98.38862880792456
1408,1517,43,0.009116968586742656,98.3977457765113
1409,1515,43,0.009116968586742656,98.40686274509804
1410,365,43,0.009116968586742656,98.41597971368478
1411,932,43,0.009116968586742656,98.42509668227152
1412,742,43,0.009116968586742656,98.43421365085825
1413,1275,43,0.009116968586742656,98.44333061944499
1414,1142,43,0.009116968586742656,98.45244758803173
1415,347,43,0.009116968586742656,98.46156455661847
1416,843,43,0.009116968586742656,98.47068152520521
1417,662,43,0.009116968586742656,98.47979849379195
1418,1738,43,0.009116968586742656,98.48891546237869
1419,435,43,0.009116968586742656,98.49803243096542
1420,1122,42,0.008904946061469571,98.50693737702689
1421,1197,42,0.008904946061469571,98.51584232308835
1422,1007,42,0.008904946061469571,98.52474726914981
1423,1611,42,0.008904946061469571,98.53365221521128
1424,617,42,0.008904946061469571,98.54255716127274
1425,1478,42,0.008904946061469571,98.5514621073342
1426,1529,42,0.008904946061469571,98.56036705339567
1427,653,42,0.008904946061469571,98.56927199945713
1428,99,41,0.008692923536196485,98.57796492299333
1429,1024,41,0.008692923536196485,98.58665784652953
1430,1292,41,0.008692923536196485,98.59535077006574
1431,74,41,0.008692923536196485,98.60404369360194
1432,1314,41,0.008692923536196485,98.61273661713814
1433,1074,41,0.008692923536196485,98.62142954067434
1434,1200,40,0.0084809010109234,98.62991044168527
1435,1096,40,0.0084809010109234,98.6383913426962
1436,839,40,0.0084809010109234,98.64687224370712
1437,425,40,0.0084809010109234,98.65535314471805
1438,796,40,0.0084809010109234,98.66383404572898
1439,1101,40,0.0084809010109234,98.6723149467399
1440,600,38,0.00805685596037723,98.68037180270028
1441,424,38,0.00805685596037723,98.68842865866065
1442,1428,38,0.00805685596037723,98.69648551462103
1443,680,38,0.00805685596037723,98.70454237058141
1444,688,38,0.00805685596037723,98.71259922654178
1445,272,38,0.00805685596037723,98.72065608250216
1446,1333,38,0.00805685596037723,98.72871293846254
1447,1303,37,0.007844833435104146,98.73655777189764
1448,1214,37,0.007844833435104146,98.74440260533274
1449,548,37,0.007844833435104146,98.75224743876784
1450,1119,37,0.007844833435104146,98.76009227220294
1451,1507,37,0.007844833435104146,98.76793710563804
1452,291,37,0.007844833435104146,98.77578193907314
1453,358,36,0.007632810909831061,98.78341474998297
1454,492,36,0.007632810909831061,98.79104756089279
1455,998,36,0.007632810909831061,98.79868037180262
1456,1072,36,0.007632810909831061,98.80631318271244
1457,1052,36,0.007632810909831061,98.81394599362227
1458,1414,36,0.007632810909831061,98.8215788045321
1459,1104,36,0.007632810909831061,98.82921161544192
1460,156,36,0.007632810909831061,98.83684442635175
1461,451,36,0.007632810909831061,98.84447723726157
1462,1264,36,0.007632810909831061,98.8521100481714
1463,681,36,0.007632810909831061,98.85974285908122
1464,1297,36,0.007632810909831061,98.86737566999105
1465,354,36,0.007632810909831061,98.87500848090087
1466,923,36,0.007632810909831061,98.8826412918107
1467,355,35,0.007420788384557975,98.89006208019526
1468,431,35,0.007420788384557975,98.89748286857983
1469,383,34,0.00720876585928489,98.90469163443912
1470,545,34,0.00720876585928489,98.9119004002984
1471,432,34,0.00720876585928489,98.9191091661577
1472,434,34,0.00720876585928489,98.92631793201699
1473,645,34,0.00720876585928489,98.93352669787627
1474,663,34,0.00720876585928489,98.94073546373556
1475,429,34,0.00720876585928489,98.94794422959485
1476,1103,34,0.00720876585928489,98.95515299545414
1477,893,34,0.00720876585928489,98.96236176131343
1478,818,33,0.006996743334011805,98.96935850464745
1479,1361,33,0.006996743334011805,98.97635524798146
1480,1306,33,0.006996743334011805,98.98335199131547
1481,177,32,0.006784720808738721,98.99013671212421
1482,82,32,0.006784720808738721,98.99692143293295
1483,992,32,0.006784720808738721,99.00370615374169
1484,649,32,0.006784720808738721,99.01049087455043
1485,553,32,0.006784720808738721,99.01727559535917
1486,1170,32,0.006784720808738721,99.0240603161679
1487,1010,32,0.006784720808738721,99.03084503697664
1488,1028,32,0.006784720808738721,99.03762975778538
1489,770,32,0.006784720808738721,99.04441447859412
1490,562,31,0.006572698283465636,99.05098717687758
1491,1458,31,0.006572698283465636,99.05755987516105
1492,1098,31,0.006572698283465636,99.06413257344451
1493,460,31,0.006572698283465636,99.07070527172797
1494,1739,31,0.006572698283465636,99.07727797001144
1495,976,31,0.006572698283465636,99.0838506682949
1496,243,31,0.006572698283465636,99.09042336657836
1497,784,31,0.006572698283465636,99.09699606486183
1498,919,31,0.006572698283465636,99.10356876314529
1499,1125,31,0.006572698283465636,99.11014146142875
1500,817,30,0.006360675758192551,99.11650213718694
1501,743,30,0.006360675758192551,99.12286281294513
1502,1311,30,0.006360675758192551,99.12922348870332
1503,171,30,0.006360675758192551,99.1355841644615
1504,718,30,0.006360675758192551,99.1419448402197
1505,264,30,0.006360675758192551,99.14830551597788
1506,722,30,0.006360675758192551,99.15466619173607
1507,1204,30,0.006360675758192551,99.16102686749426
1508,593,29,0.006148653232919465,99.16717552072717
1509,1037,29,0.006148653232919465,99.17332417396008
1510,1486,29,0.006148653232919465,99.179472827193
1511,597,29,0.006148653232919465,99.18562148042591
1512,1185,29,0.006148653232919465,99.19177013365882
1513,980,29,0.006148653232919465,99.19791878689173
1514,964,29,0.006148653232919465,99.20406744012465
1515,1803,28,0.005936630707646381,99.2100040708323
1516,513,28,0.005936630707646381,99.21594070153995
1517,671,28,0.005936630707646381,99.2218773322476
1518,602,28,0.005936630707646381,99.22781396295525
1519,503,28,0.005936630707646381,99.2337505936629
1520,517,28,0.005936630707646381,99.23968722437056
1521,1167,27,0.005724608182373296,99.24541183255293
1522,1668,27,0.005724608182373296,99.25113644073531
1523,672,27,0.005724608182373296,99.25686104891768
1524,242,27,0.005724608182373296,99.26258565710006
1525,1385,27,0.005724608182373296,99.26831026528244
1526,792,27,0.005724608182373296,99.27403487346481
1527,1504,26,0.00551258565710021,99.27954745912191
1528,588,26,0.00551258565710021,99.28506004477902
1529,881,26,0.00551258565710021,99.29057263043612
1530,1232,26,0.00551258565710021,99.29608521609322
1531,515,26,0.00551258565710021,99.30159780175032
1532,921,26,0.00551258565710021,99.30711038740742
1533,86,26,0.00551258565710021,99.31262297306452
1534,214,26,0.00551258565710021,99.31813555872162
1535,1128,26,0.00551258565710021,99.32364814437872
1536,296,26,0.00551258565710021,99.32916073003582
1537,885,25,0.005300563131827125,99.33446129316765
1538,1055,25,0.005300563131827125,99.33976185629948
1539,490,25,0.005300563131827125,99.3450624194313
1540,947,25,0.005300563131827125,99.35036298256313
1541,1317,25,0.005300563131827125,99.35566354569495
1542,646,25,0.005300563131827125,99.36096410882678
1543,558,25,0.005300563131827125,99.3662646719586
1544,814,25,0.005300563131827125,99.37156523509043
1545,1391,25,0.005300563131827125,99.37686579822225
1546,837,25,0.005300563131827125,99.38216636135408
1547,1076,24,0.00508854060655404,99.38725490196063
1548,977,24,0.00508854060655404,99.39234344256718
1549,1050,24,0.00508854060655404,99.39743198317373
1550,222,24,0.00508854060655404,99.40252052378028
1551,708,24,0.00508854060655404,99.40760906438683
1552,262,24,0.00508854060655404,99.41269760499338
1553,1062,24,0.00508854060655404,99.41778614559993
1554,1307,24,0.00508854060655404,99.42287468620648
1555,575,24,0.00508854060655404,99.42796322681303
1556,1371,24,0.00508854060655404,99.43305176741958
1557,488,24,0.00508854060655404,99.43814030802614
1558,1205,23,0.004876518081280956,99.44301682610741
1559,1289,23,0.004876518081280956,99.44789334418869
1560,1102,23,0.004876518081280956,99.45276986226996
1561,1059,23,0.004876518081280956,99.45764638035124
1562,739,23,0.004876518081280956,99.46252289843251
1563,807,23,0.004876518081280956,99.46739941651379
1564,268,23,0.004876518081280956,99.47227593459506
1565,480,22,0.00466449555600787,99.47694043015107
1566,323,22,0.00466449555600787,99.48160492570709
1567,1187,22,0.00466449555600787,99.4862694212631
1568,1489,22,0.00466449555600787,99.49093391681912
1569,729,22,0.00466449555600787,99.49559841237513
1570,751,22,0.00466449555600787,99.50026290793114
1571,981,22,0.00466449555600787,99.50492740348716
1572,878,22,0.00466449555600787,99.50959189904317
1573,317,22,0.00466449555600787,99.51425639459919
1574,840,22,0.00466449555600787,99.5189208901552
1575,583,22,0.00466449555600787,99.52358538571121
1576,793,22,0.00466449555600787,99.52824988126723
1577,618,22,0.00466449555600787,99.53291437682324
1578,905,22,0.00466449555600787,99.53757887237926
1579,564,21,0.004452473030734786,99.54203134541
1580,1277,21,0.004452473030734786,99.54648381844073
1581,1164,21,0.004452473030734786,99.55093629147147
1582,472,21,0.004452473030734786,99.55538876450221
1583,144,21,0.004452473030734786,99.55984123753295
1584,904,21,0.004452473030734786,99.56429371056369
1585,685,20,0.0042404505054617,99.56853416106915
1586,623,20,0.0042404505054617,99.57277461157462
1587,60,20,0.0042404505054617,99.57701506208008
1588,1260,20,0.0042404505054617,99.58125551258554
1589,1448,20,0.0042404505054617,99.585495963091
1590,1153,20,0.0042404505054617,99.58973641359647
1591,891,20,0.0042404505054617,99.59397686410193
1592,880,19,0.004028427980188615,99.59800529208212
1593,1209,19,0.004028427980188615,99.60203372006231
1594,1033,19,0.004028427980188615,99.6060621480425
1595,19,19,0.004028427980188615,99.61009057602269
1596,941,19,0.004028427980188615,99.61411900400287
1597,773,19,0.004028427980188615,99.61814743198306
1598,267,19,0.004028427980188615,99.62217585996325
1599,1168,19,0.004028427980188615,99.62620428794344
1600,999,19,0.004028427980188615,99.63023271592363
1601,1032,18,0.0038164054549155303,99.63404912137854
1602,165,18,0.0038164054549155303,99.63786552683345
1603,745,18,0.0038164054549155303,99.64168193228836
1604,846,18,0.0038164054549155303,99.64549833774328
1605,1305,18,0.0038164054549155303,99.64931474319819
1606,988,18,0.0038164054549155303,99.6531311486531
1607,635,18,0.0038164054549155303,99.65694755410802
1608,1705,18,0.0038164054549155303,99.66076395956293
1609,211,17,0.003604382929642445,99.66436834249257
1610,1276,17,0.003604382929642445,99.6679727254222
1611,1060,17,0.003604382929642445,99.67157710835184
1612,726,17,0.003604382929642445,99.67518149128148
1613,1099,17,0.003604382929642445,99.67878587421112
1614,390,17,0.003604382929642445,99.68239025714075
1615,613,17,0.003604382929642445,99.68599464007039
1616,1475,17,0.003604382929642445,99.68959902300003
1617,689,16,0.0033923604043693606,99.6929913834044
1618,1094,16,0.0033923604043693606,99.69638374380878
1619,1012,16,0.0033923604043693606,99.69977610421316
1620,801,16,0.0033923604043693606,99.70316846461753
1621,1158,16,0.0033923604043693606,99.70656082502191
1622,109,16,0.0033923604043693606,99.70995318542629
1623,439,16,0.0033923604043693606,99.71334554583066
1624,413,16,0.0033923604043693606,99.71673790623504
1625,1071,15,0.0031803378790962755,99.71991824411414
1626,1189,15,0.0031803378790962755,99.72309858199324
1627,833,15,0.0031803378790962755,99.72627891987234
1628,808,15,0.0031803378790962755,99.72945925775144
1629,1112,15,0.0031803378790962755,99.73263959563054
1630,1031,15,0.0031803378790962755,99.73581993350965
1631,709,15,0.0031803378790962755,99.73900027138875
1632,1115,15,0.0031803378790962755,99.74218060926785
1633,1328,15,0.0031803378790962755,99.74536094714695
1634,991,14,0.0029683153538231904,99.74832926250077
1635,421,14,0.0029683153538231904,99.7512975778546
1636,993,14,0.0029683153538231904,99.75426589320843
1637,148,14,0.0029683153538231904,99.75723420856225
1638,1222,14,0.0029683153538231904,99.76020252391608
1639,1367,14,0.0029683153538231904,99.7631708392699
1640,506,14,0.0029683153538231904,99.76613915462373
1641,854,14,0.0029683153538231904,99.76910746997756
1642,760,14,0.0029683153538231904,99.77207578533138
1643,970,14,0.0029683153538231904,99.77504410068521
1644,516,13,0.002756292828550105,99.77780039351376
1645,1044,13,0.002756292828550105,99.78055668634231
1646,1070,13,0.002756292828550105,99.78331297917086
1647,894,13,0.002756292828550105,99.78606927199941
1648,1140,13,0.002756292828550105,99.78882556482796
1649,1421,13,0.002756292828550105,99.79158185765651
1650,216,13,0.002756292828550105,99.79433815048506
1651,953,13,0.002756292828550105,99.79709444331361
1652,1213,12,0.00254427030327702,99.79963871361689
1653,720,12,0.00254427030327702,99.80218298392016
1654,477,12,0.00254427030327702,99.80472725422344
1655,1188,12,0.00254427030327702,99.80727152452671
1656,279,12,0.00254427030327702,99.80981579482999
1657,974,12,0.00254427030327702,99.81236006513326
1658,1118,12,0.00254427030327702,99.81490433543654
1659,842,12,0.00254427030327702,99.81744860573981
1660,1123,12,0.00254427030327702,99.81999287604309
1661,1397,12,0.00254427030327702,99.82253714634636
1662,1216,11,0.002332247778003935,99.82486939412436
1663,1045,11,0.002332247778003935,99.82720164190236
1664,1130,11,0.002332247778003935,99.82953388968036
1665,650,11,0.002332247778003935,99.83186613745836
1666,1279,11,0.002332247778003935,99.83419838523636
1667,902,11,0.002332247778003935,99.83653063301436
1668,1063,10,0.00212022525273085,99.83865085826709
1669,373,10,0.00212022525273085,99.84077108351981
1670,42,10,0.00212022525273085,99.84289130877254
1671,752,10,0.00212022525273085,99.84501153402526
1672,897,10,0.00212022525273085,99.84713175927799
1673,1195,10,0.00212022525273085,99.84925198453071
1674,605,10,0.00212022525273085,99.85137220978343
1675,1309,10,0.00212022525273085,99.85349243503616
1676,611,10,0.00212022525273085,99.85561266028888
1677,707,10,0.00212022525273085,99.85773288554161
1678,1227,10,0.00212022525273085,99.85985311079433
1679,280,10,0.00212022525273085,99.86197333604706
1680,1003,10,0.00212022525273085,99.86409356129978
1681,90,9,0.0019082027274577652,99.86600176402725
1682,971,9,0.0019082027274577652,99.86790996675471
1683,120,9,0.0019082027274577652,99.86981816948217
1684,1208,9,0.0019082027274577652,99.87172637220964
1685,699,9,0.0019082027274577652,99.8736345749371
1686,638,9,0.0019082027274577652,99.87554277766456
1687,389,9,0.0019082027274577652,99.87745098039203
1688,1179,9,0.0019082027274577652,99.87935918311949
1689,929,9,0.0019082027274577652,99.88126738584695
1690,1194,9,0.0019082027274577652,99.88317558857442
1691,869,9,0.0019082027274577652,99.88508379130188
1692,1190,9,0.0019082027274577652,99.88699199402934
1693,1090,9,0.0019082027274577652,99.88890019675681
1694,1079,9,0.0019082027274577652,99.89080839948427
1695,984,9,0.0019082027274577652,99.89271660221173
1696,1116,9,0.0019082027274577652,99.8946248049392
1697,1144,9,0.0019082027274577652,99.89653300766666
1698,1202,8,0.0016961802021846803,99.89822918786885
1699,1193,8,0.0016961802021846803,99.89992536807104
1700,924,8,0.0016961802021846803,99.90162154827323
1701,936,8,0.0016961802021846803,99.90331772847541
1702,307,8,0.0016961802021846803,99.9050139086776
1703,747,8,0.0016961802021846803,99.90671008887979
1704,732,8,0.0016961802021846803,99.90840626908198
1705,539,8,0.0016961802021846803,99.91010244928417
1706,1223,8,0.0016961802021846803,99.91179862948636
1707,580,8,0.0016961802021846803,99.91349480968854
1708,1065,8,0.0016961802021846803,99.91519098989073
1709,1134,8,0.0016961802021846803,99.91688717009292
1710,427,7,0.0014841576769115952,99.91837132776983
1711,772,7,0.0014841576769115952,99.91985548544675
1712,857,7,0.0014841576769115952,99.92133964312366
1713,528,7,0.0014841576769115952,99.92282380080057
1714,1211,7,0.0014841576769115952,99.92430795847748
1715,735,7,0.0014841576769115952,99.9257921161544
1716,1181,7,0.0014841576769115952,99.92727627383131
1717,482,7,0.0014841576769115952,99.92876043150822
1718,449,7,0.0014841576769115952,99.93024458918514
1719,444,7,0.0014841576769115952,99.93172874686205
1720,174,7,0.0014841576769115952,99.93321290453896
1721,1172,7,0.0014841576769115952,99.93469706221588
1722,250,7,0.0014841576769115952,99.93618121989279
1723,690,7,0.0014841576769115952,99.9376653775697
1724,37,7,0.0014841576769115952,99.93914953524661
1725,1481,7,0.0014841576769115952,99.94063369292353
1726,590,7,0.0014841576769115952,99.94211785060044
1727,1067,7,0.0014841576769115952,99.94360200827735
1728,978,6,0.00127213515163851,99.94487414342899
1729,1111,6,0.00127213515163851,99.94614627858063
1730,1108,6,0.00127213515163851,99.94741841373227
1731,832,6,0.00127213515163851,99.9486905488839
1732,1207,6,0.00127213515163851,99.94996268403554
1733,1184,6,0.00127213515163851,99.95123481918718
1734,305,6,0.00127213515163851,99.95250695433882
1735,771,6,0.00127213515163851,99.95377908949045
1736,322,6,0.00127213515163851,99.95505122464209
1737,1268,6,0.00127213515163851,99.95632335979373
1738,1054,6,0.00127213515163851,99.95759549494537
1739,960,6,0.00127213515163851,99.958867630097
1740,728,5,0.001060112626365425,99.95992774272337
1741,1198,5,0.001060112626365425,99.96098785534973
1742,1131,5,0.001060112626365425,99.96204796797609
1743,871,5,0.001060112626365425,99.96310808060245
1744,574,5,0.001060112626365425,99.96416819322882
1745,478,5,0.001060112626365425,99.96522830585518
1746,66,5,0.001060112626365425,99.96628841848154
1747,396,5,0.001060112626365425,99.9673485311079
1748,1201,4,0.0008480901010923401,99.96819662120899
1749,1000,4,0.0008480901010923401,99.96904471131008
1750,1199,4,0.0008480901010923401,99.96989280141116
1751,1271,4,0.0008480901010923401,99.97074089151225
1752,294,4,0.0008480901010923401,99.97158898161334
1753,283,4,0.0008480901010923401,99.97243707171442
1754,255,4,0.0008480901010923401,99.97328516181551
1755,251,4,0.0008480901010923401,99.9741332519166
1756,1017,4,0.0008480901010923401,99.97498134201768
1757,684,4,0.0008480901010923401,99.97582943211877
1758,133,4,0.0008480901010923401,99.97667752221986
1759,1165,4,0.0008480901010923401,99.97752561232095
1760,489,4,0.0008480901010923401,99.97837370242203
1761,1051,3,0.000636067575819255,99.97900976999786
1762,908,3,0.000636067575819255,99.97964583757368
1763,523,3,0.000636067575819255,99.98028190514951
1764,1191,3,0.000636067575819255,99.98091797272534
1765,883,3,0.000636067575819255,99.98155404030116
1766,598,3,0.000636067575819255,99.98219010787699
1767,655,3,0.000636067575819255,99.98282617545281
1768,916,3,0.000636067575819255,99.98346224302864
1769,1038,3,0.000636067575819255,99.98409831060447
1770,1316,3,0.000636067575819255,99.98473437818029
1771,238,3,0.000636067575819255,99.98537044575612
1772,259,3,0.000636067575819255,99.98600651333194
1773,811,3,0.000636067575819255,99.98664258090777
1774,459,3,0.000636067575819255,99.9872786484836
1775,114,3,0.000636067575819255,99.98791471605942
1776,1121,3,0.000636067575819255,99.98855078363525
1777,61,2,0.00042404505054617007,99.9889748286858
1778,1046,2,0.00042404505054617007,99.98939887373635
1779,1043,2,0.00042404505054617007,99.9898229187869
1780,982,2,0.00042404505054617007,99.99024696383745
1781,963,2,0.00042404505054617007,99.990671008888
1782,922,2,0.00042404505054617007,99.99109505393855
1783,1159,2,0.00042404505054617007,99.9915190989891
1784,1106,2,0.00042404505054617007,99.99194314403965
1785,511,2,0.00042404505054617007,99.9923671890902
1786,622,2,0.00042404505054617007,99.99279123414075
1787,915,2,0.00042404505054617007,99.9932152791913
1788,1254,2,0.00042404505054617007,99.99363932424185
1789,706,2,0.00042404505054617007,99.9940633692924
1790,879,2,0.00042404505054617007,99.99448741434296
1791,918,2,0.00042404505054617007,99.9949114593935
1792,1064,2,0.00042404505054617007,99.99533550444406
1793,1203,2,0.00042404505054617007,99.99575954949461
1794,437,1,0.00021202252527308503,99.99597157201988
1795,394,1,0.00021202252527308503,99.99618359454516
1796,229,1,0.00021202252527308503,99.99639561707043
1797,967,1,0.00021202252527308503,99.99660763959571
1798,717,1,0.00021202252527308503,99.99681966212098
1799,1169,1,0.00021202252527308503,99.99703168464626
1800,693,1,0.00021202252527308503,99.99724370717153
1801,494,1,0.00021202252527308503,99.99745572969681
1802,1162,1,0.00021202252527308503,99.99766775222209
1803,403,1,0.00021202252527308503,99.99787977474736
1804,1095,1,0.00021202252527308503,99.99809179727264
1805,369,1,0.00021202252527308503,99.99830381979791
1806,586,1,0.00021202252527308503,99.99851584232319
1807,188,1,0.00021202252527308503,99.99872786484846
1808,1148,1,0.00021202252527308503,99.99893988737374
1809,1137,1,0.00021202252527308503,99.99915190989901
1810,661,1,0.00021202252527308503,99.99936393242429
1811,1133,1,0.00021202252527308503,99.99957595494956
1812,40,1,0.00021202252527308503,99.99978797747484
1813,35,1,0.00021202252527308503,100.00000000000011
